database_identifier	chemical_formula	smiles	inchi	metabolite_identification	mass_to_charge	fragmentation	modifications	charge	retention_time	taxid	species	database	database_version	reliability	uri	search_engine	search_engine_score	smallmolecule_abundance_sub	smallmolecule_abundance_stdev_sub	smallmolecule_abundance_std_error_sub	METAB01_Smpl_51	METAB01_Smpl_37	METAB01_Smpl_36	METAB01_Smpl_07	METAB01_Smpl_11	METAB01_Smpl_13	METAB01_Smpl_24	METAB01_Smpl_23	METAB01_Smpl_27	METAB01_Smpl_28	METAB01_Smpl_55	METAB01_Smpl_32	METAB01_Smpl_52	METAB01_Smpl_53	METAB01_Smpl_54	METAB01_Smpl_33	METAB01_Smpl_57	METAB01_Smpl_56	METAB01_Smpl_64	METAB01_Smpl_58	METAB01_Smpl_61	METAB01_Smpl_63	METAB01_Smpl_59	METAB01_Smpl_35	METAB01_Smpl_60	METAB01_Smpl_65	METAB01_Smpl_62	METAB01_Smpl_67	METAB01_Smpl_66	METAB01_Smpl_69	METAB01_Smpl_68	METAB01_Smpl_70	METAB01_Smpl_71	METAB01_Smpl_1_nonCOVID	METAB01_Smpl_2_nonCOVID	METAB01_Smpl_3_nonCOVID	METAB01_Smpl_4_nonCOVID	METAB01_Smpl_5_nonCOVID	METAB01_Smpl_6_nonCOVID	METAB01_Smpl_7_nonCOVID	METAB01_Smpl_8_nonCOVID	METAB01_Smpl_9_nonCOVID	METAB01_Smpl_10_nonCOVID	METAB01_Smpl_11_nonCOVID	METAB01_Smpl_12_nonCOVID	METAB01_Smpl_13_nonCOVID	METAB01_Smpl_14_nonCOVID	METAB01_Smpl_15_nonCOVID	METAB01_Smpl_16_nonCOVID	METAB01_Smpl_17_nonCOVID	METAB01_Smpl_18_nonCOVID	METAB01_Smpl_19_nonCOVID	METAB01_Smpl_20_nonCOVID	METAB01_Smpl_21_nonCOVID	METAB01_Smpl_22_nonCOVID	METAB01_Smpl_26_nonCOVID	METAB01_Smpl_27_nonCOVID	METAB01_Smpl_28_nonCOVID	METAB01_Smpl_29_nonCOVID	METAB01_Smpl_30_nonCOVID	METAB01_Smpl_31_nonCOVID	METAB01_Smpl_32_nonCOVID	METAB01_Smpl_33_nonCOVID	METAB01_Smpl_34_nonCOVID	METAB01_Smpl_35_nonCOVID	METAB01_Smpl_36_nonCOVID	METAB01_Smpl_37_nonCOVID	METAB01_Smpl_38_nonCOVID	METAB01_Smpl_39_nonCOVID	METAB01_Smpl_40_nonCOVID	METAB01_Smpl_41_nonCOVID	METAB01_Smpl_42_nonCOVID	METAB01_Smpl_74	METAB01_Smpl_50	METAB01_Smpl_92	METAB01_Smpl_72	METAB01_Smpl_73	METAB01_Smpl_75	METAB01_Smpl_42	METAB01_Smpl_41	METAB01_Smpl_43	METAB01_Smpl_44	METAB01_Smpl_81	METAB01_Smpl_46	METAB01_Smpl_76	METAB01_Smpl_78	METAB01_Smpl_80	METAB01_Smpl_47	METAB01_Smpl_83	METAB01_Smpl_82	METAB01_Smpl_90	METAB01_Smpl_84	METAB01_Smpl_87	METAB01_Smpl_89	METAB01_Smpl_85	METAB01_Smpl_79	METAB01_Smpl_86	METAB01_Smpl_91	METAB01_Smpl_88	METAB01_Smpl_95	METAB01_Smpl_94	METAB01_Smpl_98	METAB01_Smpl_96	METAB01_Smpl_99	METAB01_Smpl_100
CHEBI:27389	C4H9NO2	CC(CN)C(O)=O	"InChI=1S/C4H9NO2/c1-3(2-5)4(6)7/h3H,2,5H2,1H3,(H,6,7)"	3-Aminoisobutanoic acid																	<LOD	<LOD	<LOD	<LOD	<LOD	<LOD	<LOD	<LOD	<LOD	<LOD	<LOD	<LOD	<LOD	<LOD	<LOD	<LOD	<LOD	<LOD	<LOD	<LOD	<LOD	<LOD	<LOD	<LOD	<LOD	<LOD	<LOD	<LOD	<LOD	<LOD	<LOD	<LOD	<LOD	<LOD	<LOD	<LOD	<LOD	<LOD	<LOD	<LOD	<LOD	<LOD	<LOD	<LOD	<LOD	<LOD	<LOD	<LOD	<LOD	<LOD	<LOD	<LOD	<LOD	<LOD	<LOD	<LOD	<LOD	<LOD	<LOD	<LOD	<LOD	<LOD	<LOD	<LOD	<LOD	<LOD	<LOD	<LOD	<LOD	<LOD	<LOD	<LOD	<LOD	<LOD	<LOD	<LOD	<LOD	<LOD	<LOD	<LOD	<LOD	<LOD	<LOD	<LOD	<LOD	<LOD	<LOD	<LOD	<LOD	<LOD	<LOD	<LOD	<LOD	<LOD	<LOD	<LOD	<LOD	<LOD	<LOD	<LOD	<LOD	<LOD	<LOD	<LOD	<LOD
CHEBI:1547	C10H12N2O4	NC(CC(=O)c1cccc(O)c1N)C(O)=O	"InChI=1S/C10H12N2O4/c11-6(10(15)16)4-8(14)5-2-1-3-7(13)9(5)12/h1-3,6,13H,4,11-12H2,(H,15,16)"	3-Hydroxy-DL-Kynurenine																	7.61611	0.43458	0.55999	3.0641	2.77884	2.1226	1.38224	1.88012	0.95213	0.63555	8.69356	2.11574	8.3668	6.5771	6.89873	1.68942	7.4191	6.26421	5.72755	7.45882	6.67535	5.31749	5.99349	1.13232	6.85872	6.21118	7.24489	6.98249	5.31096	6.72219	5.79351	5.52935	5.14012	<LOD	<LOD	<LOD	<LOD	<LOD	<LOD	<LOD	<LOD	<LOD	<LOD	<LOD	<LOD	<LOD	<LOD	<LOD	<LOD	<LOD	<LOD	<LOD	<LOD	<LOD	<LOD	<LOD	<LOD	<LOD	<LOD	<LOD	<LOD	<LOD	<LOD	<LOD	<LOD	<LOD	<LOD	<LOD	<LOD	<LOD	<LOD	<LOD	5.93522	<LOD	<LOD	6.31861	6.79679	6.07323	<LOD	0.41502	<LOD	<LOD	<LOD	<LOD	6.57931	4.16355	5.90543	<LOD	<LOD	<LOD	4.53397	3.61692	3.76521	<LOD	<LOD	<LOD	<LOD	<LOD	<LOD	<LOD	<LOD	3.8151	<LOD	<LOD	<LOD
CHEBI:20392	C5H9NO3	OC1CNC(C1)C(O)=O	"InChI=1S/C5H9NO3/c7-3-1-4(5(8)9)6-2-3/h3-4,6-7H,1-2H2,(H,8,9)"	4-Hydroxyproline																	4.82254	5.26833	7.18504	4.75297	1.44354	0.97152	1.56908	12.70295	2.21796	3.69918	5.93577	4.85767	13.27871	5.82284	4.88651	15.40805	4.92155	4.70953	7.19503	6.60716	10.92154	6.30033	6.46699	4.01251	7.31952	6.71219	4.30693	13.94083	4.66888	9.56048	4.74124	7.59181	6.25018	11.82444	4.30696	5.68185	13.16973	5.63868	11.27207	9.37013	22.62961	8.97099	11.03749	14.29937	10.49825	8.92254	12.71993	4.79418	15.41443	12.58159	13.14444	10.07938	19.02437	4.4645	6.75152	6.18092	12.67448	5.50224	10.05146	18.48656	6.24565	5.78716	22.98603	14.45235	11.9381	23.64467	8.16013	6.02596	7.99912	12.54963	20.03821	9.16337	15.72344	9.21981	5.71889	10.32251	8.03703	41.71455	18.14268	17.47765	12.39654	18.54281	15.78842	11.14854	19.83648	22.47702	20.42718	17.79406	21.19193	12.12787	11.96174	5.27604	44.39267	21.51847	7.21367	12.94931	21.13299	8.90154	9.94355	20.876	4.06083	11.65241	15.18879	<LOD	4.53255
CHEBI:60175	C6H14N2O3	NCC(O)CCC(N)C(O)=O	"InChI=1S/C6H14N2O3/c7-3-4(9)1-2-5(8)6(10)11/h4-5,9H,1-3,7-8H2,(H,10,11)"	5-Hydroxylysine																	<LOD	<LOD	<LOD	<LOD	<LOD	<LOD	<LOD	<LOD	<LOD	<LOD	<LOD	<LOD	<LOD	<LOD	<LOD	<LOD	<LOD	<LOD	<LOD	<LOD	<LOD	<LOD	<LOD	<LOD	<LOD	<LOD	<LOD	<LOD	<LOD	<LOD	<LOD	<LOD	<LOD	<LOD	<LOD	<LOD	<LOD	<LOD	<LOD	<LOD	<LOD	<LOD	<LOD	<LOD	<LOD	<LOD	<LOD	<LOD	<LOD	<LOD	<LOD	<LOD	<LOD	<LOD	<LOD	<LOD	<LOD	<LOD	<LOD	<LOD	<LOD	<LOD	<LOD	<LOD	<LOD	<LOD	<LOD	<LOD	<LOD	<LOD	<LOD	<LOD	<LOD	<LOD	<LOD	<LOD	<LOD	<LOD	<LOD	<LOD	<LOD	<LOD	<LOD	<LOD	<LOD	<LOD	<LOD	<LOD	<LOD	<LOD	<LOD	<LOD	<LOD	<LOD	<LOD	<LOD	<LOD	<LOD	<LOD	<LOD	<LOD	<LOD	<LOD	<LOD	<LOD
CHEBI:37024	C6H11NO4	NC(CCCC(O)=O)C(O)=O	"InChI=1S/C6H11NO4/c7-4(6(10)11)2-1-3-5(8)9/h4H,1-3,7H2,(H,8,9)(H,10,11)"	Aminoadipic acid																	<LOD	<LOD	<LOD	<LOD	<LOD	<LOD	<LOD	<LOD	<LOD	<LOD	<LOD	<LOD	<LOD	<LOD	<LOD	<LOD	<LOD	<LOD	<LOD	<LOD	<LOD	<LOD	<LOD	<LOD	<LOD	<LOD	<LOD	<LOD	<LOD	<LOD	<LOD	<LOD	<LOD	<LOD	<LOD	<LOD	<LOD	<LOD	<LOD	<LOD	<LOD	<LOD	<LOD	<LOD	<LOD	<LOD	<LOD	<LOD	<LOD	<LOD	<LOD	<LOD	<LOD	<LOD	<LOD	<LOD	<LOD	<LOD	<LOD	<LOD	<LOD	<LOD	<LOD	<LOD	<LOD	<LOD	<LOD	<LOD	<LOD	<LOD	<LOD	<LOD	<LOD	<LOD	<LOD	<LOD	<LOD	<LOD	<LOD	<LOD	<LOD	<LOD	<LOD	<LOD	<LOD	<LOD	<LOD	<LOD	<LOD	<LOD	<LOD	<LOD	<LOD	<LOD	<LOD	<LOD	<LOD	<LOD	<LOD	<LOD	<LOD	<LOD	<LOD	<LOD	<LOD
CHEBI:18323	C10H16N4O3	Cn1cncc1C[C@H](NC(=O)CCN)C(O)=O	"InChI=1S/C10H16N4O3/c1-14-6-12-5-7(14)4-8(10(16)17)13-9(15)2-3-11/h5-6,8H,2-4,11H2,1H3,(H,13,15)(H,16,17)/t8-/m0/s1"	Anserine																	<LOD	<LOD	<LOD	<LOD	<LOD	<LOD	<LOD	<LOD	<LOD	<LOD	<LOD	<LOD	<LOD	<LOD	<LOD	<LOD	<LOD	<LOD	<LOD	<LOD	<LOD	<LOD	<LOD	<LOD	<LOD	<LOD	<LOD	<LOD	<LOD	<LOD	<LOD	<LOD	<LOD	<LOD	<LOD	<LOD	<LOD	<LOD	<LOD	<LOD	<LOD	<LOD	<LOD	<LOD	<LOD	<LOD	<LOD	<LOD	<LOD	<LOD	<LOD	<LOD	<LOD	<LOD	<LOD	<LOD	<LOD	<LOD	<LOD	<LOD	<LOD	<LOD	<LOD	<LOD	<LOD	<LOD	<LOD	<LOD	<LOD	<LOD	<LOD	<LOD	<LOD	<LOD	<LOD	<LOD	<LOD	<LOD	<LOD	<LOD	<LOD	<LOD	<LOD	<LOD	<LOD	<LOD	<LOD	<LOD	<LOD	<LOD	<LOD	<LOD	<LOD	<LOD	<LOD	<LOD	<LOD	<LOD	<LOD	<LOD	<LOD	<LOD	<LOD	<LOD	<LOD
CHEBI:16958	C3H7NO2	NCCC(O)=O	"InChI=1S/C3H7NO2/c4-2-1-3(5)6/h1-2,4H2,(H,5,6)"	Beta-Alanine																	<LOD	<LOD	<LOD	<LOD	<LOD	<LOD	<LOD	<LOD	<LOD	<LOD	<LOD	<LOD	<LOD	<LOD	<LOD	<LOD	<LOD	<LOD	<LOD	<LOD	<LOD	<LOD	<LOD	<LOD	<LOD	<LOD	<LOD	<LOD	<LOD	<LOD	<LOD	<LOD	<LOD	<LOD	<LOD	<LOD	<LOD	<LOD	<LOD	<LOD	<LOD	<LOD	<LOD	<LOD	<LOD	<LOD	<LOD	<LOD	<LOD	<LOD	<LOD	<LOD	<LOD	<LOD	<LOD	<LOD	<LOD	<LOD	<LOD	<LOD	<LOD	<LOD	<LOD	<LOD	<LOD	<LOD	<LOD	<LOD	<LOD	<LOD	<LOD	<LOD	<LOD	<LOD	<LOD	<LOD	<LOD	<LOD	<LOD	<LOD	<LOD	<LOD	<LOD	<LOD	<LOD	<LOD	<LOD	<LOD	<LOD	<LOD	<LOD	<LOD	<LOD	<LOD	<LOD	<LOD	<LOD	<LOD	<LOD	<LOD	<LOD	<LOD	<LOD	<LOD	<LOD
CHEBI:7676	C11H21NO4	CCCC(=O)OC(CC([O-])=O)C[N+](C)(C)C	"InChI=1S/C11H21NO4/c1-5-6-11(15)16-9(7-10(13)14)8-12(2,3)4/h9H,5-8H2,1-4H3"	Butyrylcarnitine																	0.32531	0.17655	0.09182	0.22149	0.18318	0.15737	0.06985	0.16678	0.10867	0.08429	0.1216	0.27279	0.32893	0.2375	0.29416	0.36264	0.09128	0.12354	0.50328	0.224	0.23725	0.3464	0.1646	0.14032	0.18873	0.0776	0.1512	0.90093	0.28846	0.36202	0.12252	0.29876	0.13491	0.24703	0.18151	0.14702	0.14409	0.21306	0.19134	0.31825	0.23119	0.15819	0.28967	0.43549	0.28639	0.18005	0.09267	0.16977	0.21296	0.22742	0.22794	0.23148	0.19588	0.50162	0.2179	0.18636	0.32455	0.18477	0.91954	0.33741	0.4418	0.16796	0.41446	0.49485	0.40691	0.22972	0.21451	0.26575	0.16905	0.17262	0.39783	0.49603	0.14818	0.34456	0.11707	0.35021	0.25623	0.44311	0.16071	0.15231	0.1105	0.05769	0.163	0.20224	0.26875	0.25187	0.18353	0.17905	0.15067	0.12326	0.12125	0.20057	0.13956	0.16957	0.07592	0.16894	0.2182	0.07369	0.15904	0.14497	0.25369	0.1815	0.30747	0.16252	0.15564
CHEBI:17126	C7H15NO3	C[N+](C)(C)CC(O)CC([O-])=O	"InChI=1S/C7H15NO3/c1-8(2,3)5-6(9)4-7(10)11/h6,9H,4-5H2,1-3H3"	Carnitine																	105.3675	28.6949	37.51137	49.23872	38.66204	39.08477	31.16807	45.66652	34.61219	33.29233	39.51996	27.49305	55.7197	49.12224	74.00296	60.966	30.36411	45.41643	77.4425	41.7207	56.96374	58.84852	62.55264	40.5973	64.03675	40.22881	49.38268	85.48357	71.18963	95.54942	55.03506	68.37142	46.99309	54.03279	52.90828	34.81069	42.76431	71.08192	55.02134	67.43239	52.46376	43.78123	74.23018	87.23053	116.3013	52.3112	27.79248	61.63091	50.04746	67.641	59.59389	91.0191	61.89877	67.24695	63.60909	57.34857	86.7644	64.94388	129.1032	109.8773	84.36029	78.68372	87.39572	116.1733	125.7657	91.89017	89.11761	73.95068	82.04333	70.59235	97.02094	106.5173	61.72828	51.89576	41.25041	63.27833	45.80091	55.55569	45.31272	23.15116	24.00247	31.54223	48.37975	26.95598	39.69188	57.38593	44.95613	26.11108	46.57497	35.10213	23.67014	38.31492	35.30639	33.41301	35.41293	54.38146	44.25285	38.57075	41.05863	37.40932	52.12667	48.85909	63.94157	34.61683	53.03529
CHEBI:15727	C9H14N4O3	NCCC(=O)N[C@@H](CC1=CNC=N1)C(O)=O	"InChI=1S/C9H14N4O3/c10-2-1-8(14)13-7(9(15)16)3-6-4-11-5-12-6/h4-5,7H,1-3,10H2,(H,11,12)(H,13,14)(H,15,16)/t7-/m0/s1"	Carnosine																	<LOD	<LOD	<LOD	<LOD	<LOD	<LOD	<LOD	<LOD	<LOD	<LOD	<LOD	<LOD	<LOD	<LOD	<LOD	<LOD	<LOD	<LOD	<LOD	<LOD	<LOD	<LOD	<LOD	<LOD	<LOD	<LOD	<LOD	<LOD	<LOD	<LOD	<LOD	<LOD	<LOD	<LOD	<LOD	<LOD	<LOD	<LOD	<LOD	<LOD	<LOD	<LOD	<LOD	<LOD	<LOD	<LOD	<LOD	<LOD	<LOD	<LOD	<LOD	<LOD	<LOD	<LOD	<LOD	<LOD	<LOD	<LOD	<LOD	<LOD	<LOD	<LOD	<LOD	<LOD	<LOD	<LOD	<LOD	<LOD	<LOD	<LOD	<LOD	<LOD	<LOD	<LOD	<LOD	<LOD	<LOD	<LOD	<LOD	<LOD	<LOD	<LOD	<LOD	<LOD	<LOD	<LOD	<LOD	<LOD	<LOD	<LOD	<LOD	<LOD	<LOD	<LOD	<LOD	<LOD	<LOD	<LOD	<LOD	<LOD	<LOD	<LOD	<LOD	<LOD	<LOD
CHEBI:18211	C6H13N3O3	NC(CCCNC(N)=O)C(O)=O	"InChI=1S/C6H13N3O3/c7-4(5(10)11)2-1-3-9-6(8)12/h4H,1-3,7H2,(H,10,11)(H3,8,9,12)"	Citrulline																	8.73907	7.36484	9.32835	21.87296	16.07388	8.70268	7.02593	13.34688	10.99136	10.79554	14.71937	6.98805	19.30729	13.79515	10.92194	17.19571	<LOD	8.71889	28.38396	27.60687	28.01971	19.16327	14.3026	5.87742	27.48462	27.29324	18.26911	21.9283	18.86806	28.50865	34.38175	24.35507	24.35375	35.56242	26.61809	16.47683	24.30666	36.15873	37.90831	38.99634	45.76661	42.73369	28.85072	60.5817	27.03942	41.39859	48.80277	30.69624	30.88549	32.56205	22.08962	25.90307	29.08424	22.75142	24.48853	18.46013	48.56539	28.95398	28.60621	37.34236	33.99329	29.39566	38.04187	39.44821	47.61332	20.66245	26.75245	17.39677	27.09131	31.07579	35.66449	26.15744	20.03682	41.42934	32.31018	47.07816	43.12607	40.04718	9.85401	9.2553	16.83443	18.80633	28.05647	11.4213	48.47137	39.77566	37.31693	5.12705	11.72756	24.78935	37.59462	33.32298	54.58328	30.12716	34.14601	51.61226	55.6809	53.98141	46.76158	32.87597	52.71922	49.43244	69.47486	<LOD	52.07118
CHEBI:16737	C4H7N3O	CN1CC(=O)NC1=N	"InChI=1S/C4H7N3O/c1-7-2-3(8)6-4(7)5/h2H2,1H3,(H2,5,6,8)"	Creatinine																	97.07252	31.9223	36.8571	62.92278	44.6803	43.56394	47.4373	50.05009	46.14925	38.19301	61.21321	33.99779	44.48455	39.54766	73.74035	71.92157	57.80974	51.59751	91.39708	53.94842	52.84661	70.9849	58.06935	59.63312	91.93505	76.74601	46.9438	103.2864	80.9813	69.29824	79.22676	76.80407	114.5149	90.0718	77.53815	75.93796	129.7502	83.72948	106.8785	130.6965	69.55924	103.496	90.75397	168.963	131.528	79.74706	90.68114	107.7113	154.959	88.11839	111.7884	98.45462	116.2523	62.82116	76.59032	84.64992	111.0994	95.42067	105.5718	103.06	134.1791	117.0932	140.7418	192.1356	153.8663	141.9015	76.33004	88.30356	111.4037	97.93415	110.3173	116.9259	79.80608	66.13506	56.95692	75.81512	53.73316	63.45699	50.97652	39.48958	46.28378	32.39602	76.16612	22.74907	64.84823	54.957	76.32733	36.23154	65.28652	70.86633	122.0087	65.06575	56.99396	85.24668	60.26273	99.86505	89.85701	98.32524	80.93465	108.9341	100.5796	70.42921	93.71758	97.86152	142.4884
CHEBI:17485	C8H16N2O4S2	C(C(CCSSCCC(C(=O)O)N)N)(O)=O	"InChI=1S/C8H16N2O4S2/c9-5(7(11)12)1-3-15-16-4-2-6(10)8(13)14/h5-6H,1-4,9-10H2,(H,11,12)(H,13,14)"	DL-Homocystine																	<LOD	<LOD	<LOD	<LOD	<LOD	<LOD	<LOD	<LOD	<LOD	<LOD	<LOD	<LOD	<LOD	<LOD	<LOD	<LOD	<LOD	<LOD	<LOD	<LOD	<LOD	<LOD	<LOD	<LOD	<LOD	<LOD	<LOD	<LOD	<LOD	<LOD	<LOD	<LOD	<LOD	<LOD	<LOD	<LOD	<LOD	<LOD	<LOD	<LOD	<LOD	<LOD	<LOD	<LOD	<LOD	<LOD	<LOD	<LOD	<LOD	<LOD	<LOD	<LOD	<LOD	<LOD	<LOD	<LOD	<LOD	<LOD	<LOD	<LOD	<LOD	<LOD	<LOD	<LOD	<LOD	<LOD	<LOD	<LOD	<LOD	<LOD	<LOD	<LOD	<LOD	<LOD	<LOD	<LOD	<LOD	<LOD	<LOD	<LOD	<LOD	<LOD	<LOD	<LOD	<LOD	<LOD	<LOD	<LOD	<LOD	<LOD	<LOD	<LOD	<LOD	<LOD	<LOD	<LOD	<LOD	<LOD	<LOD	<LOD	<LOD	<LOD	<LOD	<LOD	<LOD
CHEBI:16865	C4H9NO2	NCCCC(O)=O	"InChI=1S/C4H9NO2/c5-3-1-2-4(6)7/h1-3,5H2,(H,6,7)"	Gamma-Aminobutyric acid																	<LOD	<LOD	<LOD	<LOD	<LOD	<LOD	<LOD	<LOD	<LOD	<LOD	<LOD	<LOD	<LOD	<LOD	<LOD	<LOD	<LOD	<LOD	<LOD	<LOD	<LOD	<LOD	<LOD	<LOD	<LOD	<LOD	<LOD	<LOD	<LOD	<LOD	<LOD	<LOD	<LOD	<LOD	<LOD	<LOD	<LOD	<LOD	<LOD	<LOD	<LOD	<LOD	<LOD	<LOD	<LOD	<LOD	<LOD	<LOD	<LOD	<LOD	<LOD	<LOD	<LOD	<LOD	<LOD	<LOD	<LOD	<LOD	<LOD	<LOD	<LOD	<LOD	<LOD	<LOD	<LOD	<LOD	<LOD	<LOD	<LOD	<LOD	<LOD	<LOD	<LOD	<LOD	<LOD	<LOD	<LOD	<LOD	<LOD	<LOD	<LOD	<LOD	<LOD	<LOD	<LOD	<LOD	<LOD	<LOD	<LOD	<LOD	<LOD	<LOD	<LOD	<LOD	<LOD	<LOD	<LOD	<LOD	<LOD	<LOD	<LOD	<LOD	<LOD	<LOD	<LOD
CHEBI:15428	C2H5NO2	NCC(O)=O	"InChI=1S/C2H5NO2/c3-1-2(4)5/h1,3H2,(H,4,5)"	Glycine																	<LOD	280.97413	370.09482	229.63294	239.63658	326.49183	151.08629	250.58528	151.40549	155.96001	<LOD	172.57476	<LOD	<LOD	<LOD	225.83568	<LOD	<LOD	<LOD	<LOD	<LOD	<LOD	<LOD	160.24169	<LOD	<LOD	<LOD	<LOD	<LOD	<LOD	<LOD	<LOD	<LOD	217.24391	214.23234	412.61913	332.99556	554.74778	291.26567	232.72552	411.75835	509.07988	293.12182	427.08269	289.0926	369.71575	696.86403	382.02491	657.86181	385.39973	202.78165	363.99291	246.55467	322.37463	174.39312	306.5836	536.91419	388.93531	237.593	455.47406	493.61496	352.6149	361.36388	332.13603	446.81482	194.74714	358.59491	324.21457	576.08013	411.9976	246.48459	148.83541	<LOD	<LOD	<LOD	<LOD	<LOD	<LOD	256.95545	187.52518	236.49056	298.16713	<LOD	254.10642	<LOD	<LOD	<LOD	148.53428	<LOD	<LOD	<LOD	<LOD	<LOD	<LOD	<LOD	<LOD	<LOD	<LOD	<LOD	<LOD	<LOD	<LOD	<LOD	<LOD	<LOD
CHEBI:18295	C5H9N3	NCCc1c[nH]cn1	"InChI=1S/C5H9N3/c6-2-1-5-3-7-4-8-5/h3-4H,1-2,6H2,(H,7,8)"	Histamine																	<LOD	<LOD	<LOD	<LOD	<LOD	<LOD	<LOD	<LOD	<LOD	<LOD	<LOD	<LOD	<LOD	<LOD	<LOD	<LOD	<LOD	<LOD	<LOD	<LOD	<LOD	<LOD	<LOD	<LOD	<LOD	<LOD	<LOD	<LOD	<LOD	<LOD	<LOD	<LOD	<LOD	<LOD	<LOD	<LOD	<LOD	<LOD	<LOD	<LOD	<LOD	<LOD	<LOD	<LOD	<LOD	<LOD	<LOD	<LOD	<LOD	<LOD	<LOD	<LOD	<LOD	<LOD	<LOD	<LOD	<LOD	<LOD	<LOD	<LOD	<LOD	<LOD	<LOD	<LOD	<LOD	<LOD	<LOD	<LOD	<LOD	<LOD	<LOD	<LOD	<LOD	<LOD	<LOD	<LOD	<LOD	<LOD	<LOD	<LOD	<LOD	<LOD	<LOD	<LOD	<LOD	<LOD	<LOD	<LOD	<LOD	<LOD	<LOD	<LOD	<LOD	<LOD	<LOD	<LOD	<LOD	<LOD	<LOD	<LOD	<LOD	<LOD	<LOD	<LOD	<LOD
CHEBI:73025	C12H23NO4	CC(C)CC(=O)OC(CC([O-])=O)C[N+](C)(C)C	"InChI=1S/C12H23NO4/c1-9(2)6-12(16)17-10(7-11(14)15)8-13(3,4)5/h9-10H,6-8H2,1-5H3"	Isovalerylcarnitine																	0.29588	0.06516	0.07085	0.09216	0.07138	0.11537	0.06735	0.10092	0.08095	0.05709	0.0651	0.06835	0.08424	0.11921	0.24257	0.17341	0.13218	0.13178	0.1918	0.06806	0.0861	0.14928	0.09807	0.14561	0.15781	0.08125	0.05376	0.39604	0.24144	0.3204	0.06099	0.12485	0.11635	0.11548	0.10168	0.11426	0.15091	0.08143	0.24455	0.24845	0.20247	0.07883	0.18158	0.36739	0.19142	0.08923	0.05248	0.10241	0.21184	0.15152	0.28644	0.14748	0.23756	0.10843	0.1748	0.09617	0.2073	0.08439	0.45706	0.3037	0.13709	0.0957	0.17084	0.37998	0.22861	0.24158	0.15022	0.13603	0.08691	0.10846	0.26199	0.21507	0.07967	0.05865	0.0655	0.09688	0.08477	0.18687	0.10536	0.07973	0.04643	0.05161	0.06431	0.06305	0.06729	0.08609	0.04328	0.0627	0.1014	0.04725	0.04888	0.00835	0.02973	0.04077	0.02057	0.07867	0.10797	0.01921	0.03615	0.05443	0.09059	0.07239	0.10041	0.0399	0.05064
CHEBI:18344	C10H7NO3	OC(=O)c1cc(O)c2ccccc2n1	"InChI=1S/C10H7NO3/c12-9-5-8(10(13)14)11-7-4-2-1-3-6(7)9/h1-5H,(H,11,12)(H,13,14)"	Kynurenic acid																	<LOD	<LOD	<LOD	<LOD	<LOD	<LOD	<LOD	<LOD	<LOD	<LOD	<LOD	<LOD	<LOD	<LOD	<LOD	<LOD	<LOD	<LOD	<LOD	<LOD	<LOD	<LOD	<LOD	<LOD	<LOD	<LOD	<LOD	<LOD	<LOD	<LOD	<LOD	<LOD	<LOD	<LOD	<LOD	<LOD	<LOD	<LOD	<LOD	<LOD	<LOD	<LOD	<LOD	<LOD	<LOD	<LOD	<LOD	<LOD	<LOD	<LOD	<LOD	<LOD	<LOD	<LOD	<LOD	<LOD	<LOD	<LOD	<LOD	<LOD	<LOD	<LOD	<LOD	<LOD	<LOD	<LOD	<LOD	<LOD	<LOD	<LOD	<LOD	<LOD	<LOD	<LOD	<LOD	<LOD	<LOD	<LOD	<LOD	<LOD	<LOD	<LOD	<LOD	<LOD	<LOD	<LOD	<LOD	<LOD	<LOD	<LOD	<LOD	<LOD	<LOD	<LOD	<LOD	<LOD	<LOD	<LOD	<LOD	<LOD	<LOD	<LOD	<LOD	<LOD	<LOD
CHEBI:28683	C10H12N2O3	NC(CC(=O)c1ccccc1N)C(O)=O	"InChI=1S/C10H12N2O3/c11-7-4-2-1-3-6(7)9(13)5-8(12)10(14)15/h1-4,8H,5,11-12H2,(H,14,15)"	Kynurenine																	7.75925	2.61398	2.19978	3.18608	2.66189	2.41676	2.34317	2.30021	3.29185	3.60679	2.22401	2.54715	2.59324	3.41717	6.56991	2.71752	4.99681	2.27332	4.40435	2.21107	1.56914	3.42489	4.42556	4.90672	4.0331	4.37502	2.35862	6.09864	3.61053	3.91662	3.76689	4.82647	4.04167	1.71253	2.52786	1.41276	3.24788	2.55878	1.93054	2.65451	3.68945	2.98715	3.54746	3.78131	3.92611	2.37025	3.5095	4.05266	3.02091	2.34188	2.03504	2.38429	2.64287	2.15767	3.1193	2.79698	2.65085	2.25141	2.35917	3.61939	3.36001	2.24754	3.14455	3.01832	4.02774	2.60708	2.74619	2.71247	2.00812	2.57485	4.29027	2.74185	4.02655	3.3134	1.18579	4.42749	1.39492	2.6063	1.94346	1.65417	2.84855	1.99808	1.83614	1.56829	5.26373	2.97691	3.76032	2.90858	1.37325	1.14437	1.7127	1.09958	1.77935	1.20009	1.1868	6.16058	1.54782	1.38453	2.69092	2.15834	0.89729	1.38966	2.19351	<LOD	1.58125
CHEBI:57589	C9H17NO4	CC(=O)O[C@H](CC([O-])=O)C[N+](C)(C)C	"InChI=1S/C9H17NO4/c1-7(11)14-8(5-9(12)13)6-10(2,3)4/h8H,5-6H2,1-4H3/t8-/m1/s1"	L-Acetylcarnitine																	7.62784	3.11586	1.88577	3.50788	2.52318	5.58937	2.33058	4.58262	2.78591	3.33534	6.24587	8.89989	3.37398	6.09591	7.37293	5.4136	1.57636	3.70325	4.10003	3.29149	3.58628	4.35931	4.35347	1.52334	3.14472	2.18247	8.54128	12.31636	6.23365	5.0502	4.15487	4.79207	2.00339	6.22769	3.1812	1.84191	3.45106	2.8651	5.01299	2.88133	1.30708	1.74649	3.92697	5.11158	2.6494	3.16443	1.30636	3.87045	5.00125	1.55432	4.39507	2.75736	3.47071	8.71676	3.3132	3.72164	13.63986	2.15701	13.17843	5.14602	6.986	1.61598	4.06642	4.24168	7.39921	3.65891	1.29404	3.80813	2.67664	3.47791	3.35823	5.26415	4.38302	4.17969	2.05942	4.38222	3.62886	5.394	2.69858	2.71705	2.53512	2.91369	3.49979	4.19997	3.19133	6.79559	4.72565	3.994	4.37984	3.73671	3.16751	2.81089	7.87459	2.35279	2.72842	2.23775	2.40885	2.5649	3.2302	3.28249	4.30757	2.45236	3.44259	3.41667	3.55856
CHEBI:16977	C3H7NO2	C[C@H](N)C(O)=O	"InChI=1S/C3H7NO2/c1-2(4)3(5)6/h2H,4H2,1H3,(H,5,6)/t2-/m0/s1"	L-Alanine																	420.70333	310.52872	576.46095	322.50523	285.4171	359.77913	265.871	479.97514	258.36054	452.43655	278.3077	221.25594	519.6216	340.27236	250.74084	443.53873	284.62547	261.54191	706.74843	500.79319	539.70637	400.11462	405.78582	286.5427	364.73282	354.07985	285.05501	491.12047	397.8328	428.57086	263.11364	343.92794	388.42479	165.84525	136.0537	188.03839	225.86654	205.35476	204.87816	231.75861	251.93268	265.841	242.55263	375.19056	153.72418	128.62903	181.36922	198.21079	225.12198	160.94712	196.02073	263.12368	207.79546	126.4357	223.3524	217.48921	223.12552	244.97512	209.74691	276.08164	221.6816	110.19817	169.60608	323.34227	246.68944	187.77883	241.56044	218.33459	159.28335	185.59358	192.0357	143.67052	362.10049	396.59106	411.00983	273.87626	248.06455	409.83756	330.50612	408.14908	411.9416	258.35554	348.33081	350.86113	438.92537	483.01386	362.46399	426.54305	482.04954	308.05034	270.68765	398.07781	361.25943	317.95677	292.77194	405.05693	365.20075	335.54864	297.27378	370.86721	237.89401	337.3118	399.20812	N/A	418.456
CHEBI:35619	C4H9NO2	CC[C@H](N)C(O)=O	"InChI=1S/C4H9NO2/c1-2-3(5)4(6)7/h3H,2,5H2,1H3,(H,6,7)/t3-/m0/s1"	L-Alpha-aminobutyric acid																	<LOD	<LOD	<LOD	<LOD	<LOD	<LOD	<LOD	<LOD	<LOD	<LOD	<LOD	<LOD	<LOD	<LOD	<LOD	<LOD	<LOD	<LOD	<LOD	<LOD	<LOD	<LOD	<LOD	<LOD	<LOD	<LOD	<LOD	<LOD	<LOD	<LOD	<LOD	<LOD	<LOD	<LOD	<LOD	<LOD	<LOD	<LOD	<LOD	<LOD	<LOD	<LOD	<LOD	<LOD	<LOD	<LOD	<LOD	<LOD	<LOD	<LOD	<LOD	<LOD	<LOD	<LOD	<LOD	<LOD	<LOD	<LOD	<LOD	<LOD	<LOD	<LOD	<LOD	<LOD	<LOD	<LOD	<LOD	<LOD	<LOD	<LOD	<LOD	<LOD	<LOD	<LOD	<LOD	<LOD	<LOD	<LOD	<LOD	<LOD	<LOD	<LOD	<LOD	<LOD	<LOD	<LOD	<LOD	<LOD	<LOD	<LOD	<LOD	<LOD	<LOD	<LOD	<LOD	<LOD	<LOD	<LOD	<LOD	<LOD	<LOD	<LOD	<LOD	<LOD	<LOD
CHEBI:16467	C6H14N4O2	N[C@@H](CCCNC(N)=N)C(O)=O	"InChI=1S/C6H14N4O2/c7-4(5(11)12)2-1-3-10-6(8)9/h4H,1-3,7H2,(H,11,12)(H4,8,9,10)/t4-/m0/s1"	L-Arginine																	116.4747	43.01885	84.05588	51.05244	53.50376	55.75228	53.29331	81.31673	72.94457	46.51143	80.58313	50.43606	120.4588	124.874	52.37769	75.49005	55.03336	73.88388	145.1364	93.51473	94.44268	117.3339	100.6895	43.87151	109.2154	111.7709	104.9839	123.4413	105.4943	87.21002	59.86566	89.26359	106.3893	94.28185	58.1423	74.0375	87.17922	95.39189	127.5579	109.5973	146.723	86.10152	122.8288	110.1342	88.62941	81.43753	105.6948	70.65554	112.3033	86.56445	69.69285	88.23541	97.52385	96.48105	69.13876	73.77136	74.07891	95.43648	83.01688	81.97442	91.43665	73.35259	82.38516	84.93871	89.75635	110.7746	74.14302	122.9647	87.27926	90.47715	107.4362	60.51135	85.52986	91.6867	97.88636	60.39529	73.80579	70.14195	73.89875	62.43093	72.92066	75.21208	124.9364	57.7915	123.7085	111.8271	82.07243	44.00669	60.85398	78.04875	95.01848	84.04519	101.0429	87.483	94.95991	121.4473	98.74158	102.0705	83.39865	81.63739	73.86555	95.3509	83.7401	72.60976	95.93898
CHEBI:17196	C4H8N2O3	N[C@@H](CC(N)=O)C(O)=O	"InChI=1S/C4H8N2O3/c5-2(4(8)9)1-3(6)7/h2H,1,5H2,(H2,6,7)(H,8,9)/t2-/m0/s1"	L-Asparagine																	41.4466	32.49409	46.50127	36.42274	39.52828	40.28646	27.86664	41.3855	27.36503	26.74096	29.39894	26.16847	52.90528	53.69383	24.25506	41.2531	23.13875	40.85772	88.56234	49.47814	49.88921	56.33515	40.29419	28.30592	62.45696	43.35157	39.32088	63.94544	44.10026	74.35154	24.12869	47.49264	40.73329	46.81655	38.32555	61.72016	51.36851	68.69508	55.98115	40.02075	57.40747	58.63838	41.61777	86.22298	35.16199	32.30046	56.12315	31.03798	58.5889	52.52305	23.41304	35.79089	34.95739	25.87699	38.15004	24.21857	37.89821	67.56783	41.63297	70.18088	50.68421	27.90891	44.1217	56.22466	51.10626	30.82125	36.88711	44.45297	32.62985	33.57685	27.40567	32.40614	22.96359	48.82572	15.82338	32.25582	47.33336	30.66744	30.64954	34.98211	29.49484	29.38482	41.22396	27.42223	44.18276	52.13891	35.34227	27.0004	28.33059	46.14143	24.38714	16.94098	25.00646	23.62322	23.32229	41.44373	28.40757	21.15394	45.96729	8.09418	28.25911	15.96177	9.16101	30.39221	30.05006
CHEBI:17053	C4H7NO4	N[C@@H](CC(O)=O)C(O)=O	"InChI=1S/C4H7NO4/c5-2(4(8)9)1-3(6)7/h2H,1,5H2,(H,6,7)(H,8,9)/t2-/m0/s1"	L-Aspartic acid																	<LOD	32.284	38.16095	16.89328	23.0578	44.32787	7.17708	14.70763	7.34854	8.17729	<LOD	7.79869	<LOD	<LOD	<LOD	10.43765	<LOD	<LOD	<LOD	<LOD	<LOD	<LOD	<LOD	13.8644	<LOD	<LOD	<LOD	<LOD	<LOD	<LOD	<LOD	<LOD	<LOD	25.91186	24.60262	38.5793	51.04071	34.075	29.08962	40.49434	47.87269	41.22618	23.1682	44.62434	21.25758	14.86451	20.66516	31.76342	23.23731	12.6028	28.64094	17.99563	18.51113	<LOD	<LOD	<LOD	68.21289	24.06225	<LOD	<LOD	<LOD	<LOD	<LOD	<LOD	<LOD	<LOD	<LOD	<LOD	<LOD	<LOD	<LOD	<LOD	<LOD	<LOD	<LOD	<LOD	<LOD	<LOD	10.79287	13.10673	8.0357	8.95708	<LOD	12.68339	<LOD	<LOD	<LOD	8.68012	<LOD	<LOD	<LOD	<LOD	<LOD	<LOD	<LOD	<LOD	<LOD	<LOD	<LOD	<LOD	<LOD	<LOD	<LOD	<LOD	<LOD
CHEBI:17482	C7H14N2O4S	N[C@@H](CCSC[C@H](N)C(O)=O)C(O)=O	"InChI=1S/C7H14N2O4S/c8-4(6(10)11)1-2-14-3-5(9)7(12)13/h4-5H,1-3,8-9H2,(H,10,11)(H,12,13)/t4-,5-/m0/s1"	L-Cystathionine																	<LOD	<LOD	<LOD	<LOD	<LOD	<LOD	<LOD	<LOD	<LOD	<LOD	<LOD	<LOD	<LOD	<LOD	<LOD	<LOD	<LOD	<LOD	<LOD	<LOD	<LOD	<LOD	<LOD	<LOD	<LOD	<LOD	<LOD	<LOD	<LOD	<LOD	<LOD	<LOD	<LOD	<LOD	<LOD	<LOD	<LOD	<LOD	<LOD	<LOD	<LOD	<LOD	<LOD	<LOD	<LOD	<LOD	<LOD	<LOD	<LOD	<LOD	<LOD	<LOD	<LOD	<LOD	<LOD	<LOD	<LOD	<LOD	<LOD	<LOD	<LOD	<LOD	<LOD	<LOD	<LOD	<LOD	<LOD	<LOD	<LOD	<LOD	<LOD	<LOD	<LOD	<LOD	<LOD	<LOD	<LOD	<LOD	<LOD	<LOD	<LOD	<LOD	<LOD	<LOD	<LOD	<LOD	<LOD	<LOD	<LOD	<LOD	<LOD	<LOD	<LOD	<LOD	<LOD	<LOD	<LOD	<LOD	<LOD	<LOD	<LOD	<LOD	<LOD	<LOD	<LOD
CHEBI:16283	C6H12N2O4S2	N[C@@H](CSSC[C@H](N)C(O)=O)C(O)=O	"InChI=1S/C6H12N2O4S2/c7-3(5(9)10)1-13-14-2-4(8)6(11)12/h3-4H,1-2,7-8H2,(H,9,10)(H,11,12)/t3-,4-/m0/s1"	L-Cystine																	15.12197	20.27111	20.69261	14.57098	16.42689	5.87656	11.78605	12.371	13.25435	13.36123	8.6726	9.32502	26.68054	19.48538	9.15398	13.63423	15.28352	7.87478	14.21409	10.01655	21.95962	13.58195	24.6586	18.25665	25.73665	16.8677	9.48199	19.12061	16.31459	26.28903	23.34011	31.87349	29.43523	19.27168	22.15545	16.08164	24.40609	18.33132	22.36808	20.7969	19.47935	15.33214	19.10653	25.58514	19.56297	16.45004	22.36175	20.63983	19.93026	14.65791	20.48961	17.03603	18.68876	22.46673	20.30504	26.1838	21.34909	18.80062	12.9054	20.43672	17.75317	20.14971	22.00822	19.05332	22.56064	21.94903	22.05151	13.82343	17.57662	19.56236	23.75268	22.18854	10.89547	14.53132	7.8437	19.93506	15.66164	6.84702	17.27104	14.49795	31.38525	24.596	18.65366	28.42287	33.76765	25.68866	32.93297	33.94682	-1.96219	12.11818	16.08869	-3.25329	19.55096	9.04027	18.26612	29.71873	25.03182	18.3614	15.6878	4.10645	3.31604	11.49504	8.52873	<LOD	<LOD
CHEBI:16015	C5H9NO4	N[C@@H](CCC(O)=O)C(O)=O	"InChI=1S/C5H9NO4/c6-3(5(9)10)1-2-4(7)8/h3H,1-2,6H2,(H,7,8)(H,9,10)/t3-/m0/s1"	L-Glutamic acid																	291.40539	152.34818	116.09249	169.25354	205.2537	356.21276	92.65183	117.51826	105.13256	120.99974	102.55439	65.0244	357.42043	305.61299	163.81372	106.29996	223.98282	115.79225	339.08127	91.06206	149.1438	166.88483	237.83932	164.6005	192.24545	125.45796	142.95372	156.17773	157.9492	165.6568	151.30811	269.89536	74.98442	128.91014	109.96941	119.29489	395.20754	119.4752	132.67175	143.0239	176.12472	182.80161	123.82243	198.84049	119.87782	83.67499	89.71606	119.2488	120.17908	62.55216	144.49512	112.52187	110.32092	98.17888	138.48905	99.81342	295.89845	142.2279	151.19932	267.14737	106.01474	75.60379	145.8818	289.27975	319.31503	121.29709	199.80561	119.1875	51.80864	78.52309	80.248	67.624	173.04066	272.17017	82.53188	161.47313	202.54079	193.96945	88.76513	110.80832	56.69067	41.38601	126.50806	88.54451	215.87394	365.28641	221.18298	65.77656	239.2068	85.19617	112.26919	24.46304	123.95909	102.75587	83.03139	230.2215	125.26121	124.25749	75.29547	73.30227	44.90659	33.08184	94.91584	<LOD	<LOD
CHEBI:18050	C5H10N2O3	N[C@@H](CCC(N)=O)C(O)=O	"InChI=1S/C5H10N2O3/c6-3(5(9)10)1-2-4(7)8/h3H,1-2,6H2,(H2,7,8)(H,9,10)/t3-/m0/s1"	L-Glutamine																	582.01939	495.54861	556.67645	403.71974	441.15701	196.30349	338.05186	358.71899	360.80202	416.78636	798.65262	360.98004	490.19888	530.72983	439.85079	502.55239	440.68185	575.05866	833.99757	861.6588	835.27896	822.86344	696.42863	299.88688	792.58123	758.72002	691.85962	859.72365	665.04668	1181.92441	877.18795	825.66148	796.59241	804.07146	606.44775	624.87166	599.66136	938.08626	845.63493	707.85706	854.15279	1192.05415	717.25256	1072.12723	803.82417	676.02293	626.12927	665.74282	849.01792	699.10776	685.05725	697.75207	661.71726	615.62197	737.3722	600.90878	635.12593	833.64897	616.04984	763.72607	843.85956	635.16673	840.33433	629.06146	794.70571	636.04473	652.05512	648.75646	745.36357	762.0879	658.75316	605.65949	887.19346	938.89717	1157.29122	688.00922	841.58319	589.62528	429.60094	411.04259	532.9465	512.60946	1013.66178	446.8008	1016.14948	804.09617	945.2408	409.029	770.79322	806.40624	851.02246	935.19966	1025.78225	1043.16309	953.9657	1179.09427	970.21487	1015.41815	955.08979	861.79203	1097.29502	871.12518	1050.67366	<LOD	1076.52329
CHEBI:15971	C6H9N3O2	N[C@@H](Cc1c[nH]cn1)C(O)=O	"InChI=1S/C6H9N3O2/c7-5(6(10)11)1-4-2-8-3-9-4/h2-3,5H,1,7H2,(H,8,9)(H,10,11)/t5-/m0/s1"	L-Histidine																	62.73183	44.33313	64.2809	53.33626	60.88328	48.05486	51.47952	40.53203	37.33424	48.21791	67.83209	34.39716	63.78806	44.80725	39.94379	43.87921	30.72977	42.84191	90.01672	58.26571	65.16327	68.02617	49.10659	34.69872	58.66334	50.33722	42.14887	57.84686	60.10893	66.61677	55.44973	42.77998	53.74048	93.99269	81.03309	85.91532	105.9101	93.41939	110.7936	97.52475	128.6272	120.8045	107.2106	166.3795	94.9245	70.90328	98.37144	81.07058	131.7874	108.3394	88.9232	104.7649	121.3685	96.46954	122.6753	92.93322	106.1232	119.2172	107.9061	126.4907	116.1197	96.51291	115.1585	143.0346	124.4412	99.11364	104.0516	103.3122	98.38762	111.0016	96.66645	86.84833	43.01193	65.5846	64.14572	49.03069	71.82206	65.06668	88.89539	57.16691	56.40461	49.68169	62.00856	54.73371	54.17787	66.36207	34.5913	45.01507	52.10379	54.07371	38.82268	59.37861	42.38516	53.84205	52.65378	74.77722	52.74282	51.47028	54.6184	32.30373	47.66314	46.88649	48.00972	52.03174	58.26849
CHEBI:17191	C6H13NO2	OC([C@H]([C@H](CC)C)N)=O	"InChI=1S/C6H13NO2/c1-3-4(2)5(7)6(8)9/h4-5H,3,7H2,1-2H3,(H,8,9)/t4-,5-/m0/s1"	L-Isoleucine																	96.96024	64.16065	75.79351	78.55333	52.31477	86.91779	78.89406	71.28696	52.81599	76.94305	113.24739	73.31586	64.97939	55.54931	61.83158	77.99357	45.13442	53.22242	118.48302	70.46333	60.59926	106.34846	79.35187	58.09343	78.00299	84.15096	68.19926	73.5569	77.80713	119.12342	65.38968	83.40348	75.8439	164.20963	88.25153	158.58645	239.76285	131.91395	312.09057	219.27102	223.76471	182.67102	208.58253	428.71651	162.21789	93.45379	101.85215	125.6937	259.35974	159.06114	165.96344	145.23857	248.9816	113.42948	178.77418	109.57196	184.44775	179.90844	186.22959	312.74868	145.42266	129.01251	249.71471	260.10606	218.23097	259.49913	98.23906	180.91446	114.26533	132.64878	216.13863	143.29647	77.91596	71.40943	62.88941	31.7029	40.4468	115.67492	63.01041	70.2393	57.82524	49.37645	69.29805	72.0962	50.73397	44.36659	56.73192	73.39187	162.99331	45.69512	69.51736	131.41456	35.3975	79.708	39.33997	137.29933	71.75294	85.73078	48.40715	62.2135	45.5669	37.13804	62.50654	155.43399	78.18266
CHEBI:15603	C6H13NO2	CC(C)C[C@H](N)C(O)=O	"InChI=1S/C6H13NO2/c1-4(2)3-5(7)6(8)9/h4-5H,3,7H2,1-2H3,(H,8,9)/t5-/m0/s1"	L-Leucine																	310.79116	140.5932	174.40187	154.98669	128.14169	212.00108	153.96403	128.71356	117.86823	141.93488	216.09631	142.27481	187.54332	342.54574	192.73112	140.0191	160.90219	146.11558	321.75461	166.476	183.27153	297.97203	229.2999	134.17588	231.36618	245.31139	247.21173	237.36964	279.86639	341.92315	197.1061	263.72596	283.87992	99.97697	50.78069	55.44153	150.95305	88.49194	143.89273	131.287	17.57086	96.21454	135.87006	255.2348	93.44848	42.86982	56.16062	66.69884	191.75089	102.96161	114.42849	81.28434	176.84666	53.03609	116.81952	76.51804	98.92749	118.50999	120.47153	209.19306	88.95242	72.66534	125.90123	150.63299	111.79891	171.68244	114.90526	106.87991	57.80123	76.04293	126.73482	76.59174	210.07858	296.14678	221.80264	210.85039	130.96192	298.38123	158.22446	165.91918	115.7711	89.86631	245.85289	157.68111	229.12777	258.25664	155.97799	100.50458	517.22445	179.56785	213.81747	378.98418	198.78244	241.61234	176.65423	473.83114	213.26187	234.56426	233.46873	169.88208	204.32001	168.03291	179.83479	232.69245	225.08696
CHEBI:18019	C6H14N2O2	NCCCC[C@H](N)C(O)=O	"InChI=1S/C6H14N2O2/c7-4-2-1-3-5(8)6(9)10/h5H,1-4,7-8H2,(H,9,10)/t5-/m0/s1"	L-Lysine																	198.7759	112.7222	153.7584	138.0501	159.393	136.762	99.14723	198.6296	115.9416	119.0673	178.7485	115.4936	204.6307	153.6265	103.5588	176.3308	119.0258	168.1249	331.7366	210.7972	197.8871	241.7289	195.443	119.4443	260.582	200.3634	134.301	272.2546	171.243	242.7346	141.7327	188.1514	191.8744	171.8412	126.5839	215.3382	226.363	162.9487	307.5858	205.1061	328.7862	220.3734	267.8329	353.9561	218.6115	146.4631	180.0654	143.3815	322.1822	166.3831	145.0147	209.4174	261.0773	179.3957	174.4827	186.5544	213.9979	205.3423	263.4195	362.9017	222.7619	164.2179	258.2332	327.7022	328.8268	222.316	224.7953	282.8154	136.6405	211.5045	236.1247	211.4802	160.5337	226.046	156.3755	148.2387	186.4781	238.6868	162.4477	158.8424	124.1003	80.30142	157.5158	126.6746	151.7684	169.0286	140.8413	130.8356	189.697	179.8598	161.5968	158.2383	135.6281	132.0585	151.7186	219.2164	200.6995	151.4831	165.9665	158.8382	155.3512	175.1718	170.5833	209.9121	212.4573
CHEBI:16643	C5H11NO2S	CSCC[C@H](N)C(O)=O	"InChI=1S/C5H11NO2S/c1-9-3-2-4(6)5(7)8/h4H,2-3,6H2,1H3,(H,7,8)/t4-/m0/s1"	L-Methionine																	31.55418	16.40591	28.42945	16.62943	16.09665	16.72869	16.89434	29.60943	14.26919	16.45926	22.82516	14.4655	27.07669	25.00434	11.89954	20.79231	15.27273	26.7402	52.30537	29.43031	29.8525	44.25461	25.03358	16.63717	40.75487	29.32274	23.35	42.05557	35.2622	48.91802	19.62639	23.6818	29.95983	28.26276	14.33769	33.04514	34.5595	17.18118	53.0796	31.32572	41.45174	25.46313	38.38459	57.80519	21.70231	16.17745	17.46013	14.27779	56.48778	23.75261	20.01903	23.19989	37.18053	19.36688	20.95043	20.60535	22.76953	26.73998	35.01889	60.46422	28.83626	17.02259	30.84575	44.84022	35.04345	33.66979	26.95983	39.27144	20.88301	24.92206	26.44983	18.17006	15.34435	21.74591	18.70556	21.42053	20.8623	21.5217	16.69367	17.89662	14.38705	13.11424	25.1909	10.22063	23.46666	17.81188	12.94637	9.10689	17.42274	22.19648	18.28456	17.55023	20.10554	15.8538	14.96205	22.21917	21.69669	22.4793	23.0377	7.07612	18.20411	7.86098	18.39624	<LOD	27.2227
CHEBI:18102	C15H29NO4	CCCCCCCC(=O)O[C@H](CC([O-])=O)C[N+](C)(C)C	"InChI=1S/C15H29NO4/c1-5-6-7-8-9-10-15(19)20-13(11-14(17)18)12-16(2,3)4/h13H,5-12H2,1-4H3/t13-/m1/s1"	L-Octanoylcarnitine																	0.56857	0.06588	0.09429	0.13631	0.05582	0.08887	0.1061	0.17619	0.09743	0.19091	0.38888	0.12229	0.35154	0.54029	0.4113	0.14264	0.36405	0.38413	0.37469	0.36689	0.42139	0.38974	0.40821	0.04964	0.41827	0.3883	0.42132	0.53036	0.89408	0.38627	0.37167	0.38442	0.35154	0.07165	0.06501	0.02696	0.06005	0.01957	0.05662	0.02815	0.02737	0.0224	0.03298	0.05831	0.0645	0.0663	0.01622	0.05587	0.0928	0.01861	0.04606	0.04024	0.05191	0.05987	0.0447	0.06389	0.19567	0.00972	0.13015	0.03513	0.05559	0.02487	0.08666	0.01611	0.32197	0.03384	0.02217	0.03236	0.03029	0.05599	0.0336	0.03804	0.47672	0.43244	0.30836	0.5641	0.38402	0.49923	0.13664	0.08204	0.10379	0.01648	0.52974	0.1461	0.42485	0.61558	0.7609	0.16032	0.50688	0.50681	0.56574	0.44805	0.60741	0.45962	0.42733	0.37507	0.39692	0.59963	0.46289	0.38768	0.60191	0.39981	0.48677	0.39059	0.46043
CHEBI:17295	C9H11NO2	N[C@@H](Cc1ccccc1)C(O)=O	"InChI=1S/C9H11NO2/c10-8(9(11)12)6-7-4-2-1-3-5-7/h1-5,8H,6,10H2,(H,11,12)/t8-/m0/s1"	L-Phenylalanine																	226.01747	85.98885	96.84134	87.53372	64.96261	120.71482	73.05855	79.23043	81.45396	57.75797	82.70569	57.0086	124.40771	178.35734	134.60908	62.12447	137.82618	97.63045	183.61234	89.74208	103.3914	124.17266	127.28705	102.1917	126.60195	121.12548	117.3447	124.47076	147.83829	135.66274	99.29525	157.65146	122.27232	89.69555	83.15786	77.09579	117.00969	92.61932	102.812	101.66229	119.92977	102.12769	91.62992	146.14859	83.79362	64.81475	85.7055	83.17028	96.09848	100.73737	89.53144	85.16608	112.8571	70.26414	92.90937	75.14851	119.17722	106.24749	95.59603	149.35033	85.79295	86.22716	110.42612	124.3877	123.12023	93.28636	108.40804	84.02107	61.67889	68.33281	93.17759	63.19908	84.76652	122.48428	89.80944	89.33538	79.28667	103.89759	72.68594	80.09297	61.53676	48.24837	105.74811	56.82776	141.84706	122.98954	112.83776	50.19803	110.54598	72.22638	80.36692	79.74592	86.56198	75.60317	85.48731	129.40564	77.91846	95.47176	77.26092	57.35642	70.48226	79.41283	64.06125	185.21396	86.48372
CHEBI:17203	C5H9NO2	OC(=O)[C@@H]1CCCN1	"InChI=1S/C5H9NO2/c7-5(8)4-2-1-3-6-4/h4,6H,1-3H2,(H,7,8)/t4-/m0/s1"	L-Proline																	143.64138	112.05371	230.96956	247.72322	135.64311	133.19312	92.61197	139.26313	103.91378	150.52419	158.40284	130.15735	259.46814	158.90399	83.067	179.04736	117.99632	133.09115	321.07105	250.18445	194.17663	198.39934	192.1976	129.05261	196.79954	231.51729	128.58736	285.0909	503.90107	237.7852	144.529	210.10686	200.7151	276.79227	117.28603	256.75819	260.45144	271.09017	282.16679	287.22565	300.04432	232.08578	199.23071	399.45998	166.1553	121.02702	168.23842	256.52284	191.35246	207.84243	302.47276	290.37911	245.6811	135.12516	317.03541	122.91349	250.06716	257.38278	221.33644	358.78025	202.78224	122.88023	190.69323	339.38627	304.88633	254.97348	312.97406	138.15248	199.35159	157.11598	270.71588	247.88618	290.21558	190.85538	308.13411	433.86649	268.81718	230.41156	163.80915	170.55278	129.02964	152.32868	215.85509	112.2739	261.11306	275.41252	164.36515	168.36845	217.45449	154.05018	189.25316	183.78864	251.82191	177.29735	147.93796	246.11003	265.42839	194.54023	175.86595	208.94954	284.10894	184.33156	240.76561	286.90062	304.74347
CHEBI:17115	C3H7NO3	N[C@@H](CO)C(O)=O	"InChI=1S/C3H7NO3/c4-2(1-5)3(6)7/h2,5H,1,4H2,(H,6,7)/t2-/m0/s1"	L-Serine																	<LOD	173.957	180.3697	123.5829	125.854	186.8011	102.8277	156.1847	102.6352	106.9945	<LOD	92.1007	<LOD	<LOD	<LOD	129.3865	<LOD	<LOD	<LOD	<LOD	<LOD	<LOD	<LOD	105.5754	<LOD	<LOD	<LOD	<LOD	<LOD	<LOD	<LOD	<LOD	<LOD	113.8166	128.7154	177.1611	186.1996	154.613	177.6826	131.7386	178.2216	150.0144	143.8174	258.7691	122.7316	123.3707	197.4484	124.0318	238.3012	154.0459	108.5064	136.54	154.865	199.2691	136.0369	121.3357	222.7034	156.6099	141.9283	212.9699	143.236	116.4055	180.7116	206.2256	205.9673	125.7147	147.3897	162.0725	174.5883	173.2493	85.14102	102.6048	<LOD	<LOD	<LOD	<LOD	<LOD	<LOD	147.0126	164.6559	101.7713	136.1177	<LOD	137.9569	<LOD	<LOD	<LOD	127.1825	<LOD	<LOD	<LOD	<LOD	<LOD	<LOD	<LOD	<LOD	<LOD	<LOD	<LOD	<LOD	<LOD	<LOD	<LOD	<LOD	<LOD
CHEBI:16857	C4H9NO3	C[C@@H](O)[C@H](N)C(O)=O	"InChI=1S/C4H9NO3/c1-2(6)3(5)4(7)8/h2-3,6H,5H2,1H3,(H,7,8)/t2-,3+/m1/s1"	L-Threonine																	111.94662	128.45734	151.23349	87.12409	105.21213	99.82328	77.0571	159.56811	62.99129	96.90232	99.20697	61.31574	191.22786	122.47052	52.96576	160.24019	57.15137	120.60428	166.76694	190.25239	180.47302	142.72561	158.90412	64.72548	157.18429	86.14182	85.93444	176.86254	73.56251	194.22848	55.03735	163.84182	115.27264	128.48942	84.22257	148.12242	134.89757	141.51621	185.5945	135.14295	223.99263	162.52028	131.97147	269.20435	111.89212	127.71909	185.33414	98.64026	234.47969	125.88649	87.20251	140.13752	152.3936	133.45553	127.63064	105.70415	155.48057	138.15257	150.41356	172.99526	217.95484	87.51474	164.78416	195.77285	142.06275	128.66054	133.67077	148.87155	180.04168	159.78711	152.86909	126.68101	78.13628	102.89247	44.23155	86.03506	114.2031	83.80255	178.13185	123.32861	83.32737	104.94583	103.69974	74.15329	88.9123	102.49674	33.53298	86.3848	104.02455	148.87359	105.17043	76.2835	98.24787	45.0949	67.98643	80.70717	99.14078	33.94903	92.21756	8.88042	81.05138	102.76306	47.48813	<LOD	135.79941
CHEBI:16828	C11H12N2O2	N[C@@H](Cc1c[nH]c2ccccc12)C(O)=O	"InChI=1S/C11H12N2O2/c12-9(11(14)15)5-7-6-13-10-4-2-1-3-8(7)10/h1-4,6,9,13H,5,12H2,(H,14,15)/t9-/m0/s1"	L-Tryptophan																	65.2396	41.28691	65.11668	51.68623	42.95055	32.54648	41.19983	57.95397	53.34811	59.56931	65.58899	29.41854	94.04202	45.283	57.31293	32.20329	46.10402	61.08993	111.26188	77.6077	68.95764	103.65375	77.06922	54.16224	87.92795	79.60483	52.9916	47.94364	80.1419	91.16958	53.97836	75.50623	82.6721	71.10168	57.16693	61.99034	119.36549	79.07997	110.45742	105.27206	96.06753	77.45739	102.61255	163.77821	98.09929	79.1172	65.69144	85.28029	98.41397	76.84993	73.28699	95.58343	100.85202	67.89821	76.79173	111.29593	76.98004	98.71663	98.31508	126.82642	82.36626	91.62665	122.65606	121.20429	97.98194	111.48884	84.91578	78.19079	69.36086	87.62851	127.72504	85.62068	63.29534	95.07347	95.88744	65.3527	78.94278	86.38181	82.50561	72.4617	67.83443	57.72953	95.17477	59.29551	78.17503	84.88076	55.12023	35.88817	75.01415	70.09504	74.37482	76.84547	44.1487	85.66016	80.59204	92.1922	92.52997	81.23666	88.94135	58.80483	82.85757	96.8322	77.89925	70.04503	119.63455
CHEBI:17895	C9H11NO3	N[C@@H](Cc1ccc(O)cc1)C(O)=O	"InChI=1S/C9H11NO3/c10-8(9(12)13)5-6-1-3-7(11)4-2-6/h1-4,8,11H,5,10H2,(H,12,13)/t8-/m0/s1"	L-Tyrosine																	109.8659	54.24974	70.99249	69.71744	54.10051	64.6515	37.52557	68.6564	62.38564	67.01844	61.37832	52.56528	103.3937	67.2107	63.47261	45.46957	57.35149	68.92473	103.3562	89.25553	82.35719	108.2551	86.8863	61.35408	101.5538	106.4516	65.68618	91.62071	85.48328	129.2774	61.23256	81.8436	89.54694	91.32628	42.2543	77.92209	97.44058	61.14262	108.3446	97.62076	108.7387	83.21004	86.41904	149.9981	63.94007	50.66132	45.33431	65.98464	93.78626	99.42323	76.34897	74.28091	116.7584	66.87366	80.80308	75.53781	80.8467	74.82357	86.73894	118.4514	71.72559	44.18093	78.93925	88.865	76.31762	92.06825	103.1296	77.57415	60.81372	54.91343	125.526	69.3842	71.73443	82.582	81.25457	83.16272	84.4064	89.7817	53.44373	65.81802	55.46057	44.68468	78.40317	44.56036	106.8395	78.22998	62.52046	45.55981	89.87112	58.11785	54.16527	69.72976	52.65039	60.9577	68.96778	85.25346	68.56211	81.01297	67.92732	48.13093	50.13079	63.52255	72.56867	111.5652	85.13573
CHEBI:16414	C5H11NO2	CC(C)[C@H](N)C(O)=O	"InChI=1S/C5H11NO2/c1-3(2)4(6)5(7)8/h3-4H,6H2,1-2H3,(H,7,8)/t4-/m0/s1"	L-Valine																	430.7119	171.8125	200.4297	196.9905	167.9895	257.5538	195.9395	187.889	167.1068	226.4419	295.0522	114.9221	333.6265	210.935	290.9705	218.1496	213.0704	230.1519	348.7399	237.7602	241.6705	325.7961	332.6074	168.9634	293.8427	229.7042	252.0281	388.5314	299.6063	394.6217	210.5706	281.454	275.3023	282.293	184.6618	250.1804	378.1366	221.5476	407.7038	342.3665	363.9179	325.5474	329.4064	401.0754	284.0522	104.9007	167.0585	250.7717	374.8116	335.7913	279.0074	245.9512	391.7582	213.5464	336.2407	232.4698	299.4322	244.8604	259.0251	330.7684	201.0923	143.5543	439.849	402.1458	259.2285	395.4391	251.6344	261.4386	206.6759	174.7786	379.5758	200.6568	183.677	289.8134	183.4946	199.7733	178.7954	406.8116	279.281	269.316	169.254	119.7454	251.6653	234.3078	193.453	208.7988	159.805	160.8671	271.7326	165.9468	178.3487	188.5939	155.3655	241.8983	202.2638	268.0491	205.8838	179.6341	188.8424	162.8116	182.1664	168.0247	203.0007	307.4734	198.7799
CHEBI:137682	C7H11N3O2			Methylhistidine																	0.535	<LOD	<LOD	4.44014	<LOD	<LOD	3.84684	4.47219	3.82497	4.16586	<LOD	4.08794	<LOD	<LOD	<LOD	7.37969	0.45171	<LOD	<LOD	<LOD	<LOD	<LOD	<LOD	3.909	1.16023	<LOD	<LOD	5.28649	<LOD	<LOD	1.08658	1.29095	<LOD	21.66358	3.21443	3.45291	15.74898	<LOD	42.41773	55.90833	19.71938	14.58567	82.61415	34.12679	3.19802	<LOD	<LOD	<LOD	5.76131	<LOD	14.15979	<LOD	19.42718	<LOD	5.97014	8.7852	17.36256	<LOD	31.3144	34.32788	<LOD	<LOD	<LOD	<LOD	<LOD	<LOD	<LOD	<LOD	<LOD	<LOD	<LOD	<LOD	3.25269	3.37032	<LOD	0.94624	0.0836	2.90332	18.06636	<LOD	5.86922	4.20366	1.02172	<LOD	<LOD	<LOD	0.4519	4.825	2.66398	2.62075	7.61754	<LOD	1.25782	<LOD	<LOD	<LOD	2.7629	1.70586	<LOD	4.45202	<LOD	2.68479	4.45908	<LOD	4.03502
CHEBI:18257	C5H12N2O2	NCCCC(N)C(O)=O	"InChI=1S/C5H12N2O2/c6-3-1-2-4(7)5(8)9/h4H,1-3,6-7H2,(H,8,9)"	Ornithine																	105.0104	77.81508	67.3551	87.71484	105.998	108.0708	45.65536	71.70379	53.39274	73.69989	59.50868	51.34506	101.0471	74.23014	66.76453	94.92477	91.75883	69.17615	161.0204	78.94932	121.8791	111.155	61.39989	76.27072	135.0984	133.4195	71.70708	135.6949	85.92663	160.469	123.7629	113.8819	107.2438	65.8386	72.96394	86.16828	89.57768	93.02541	97.86804	70.05517	127.0634	108.2773	56.591	140.2502	62.06961	77.15603	97.88568	62.32602	108.9407	66.12627	55.49509	66.15117	98.56023	40.3438	94.44679	125.0793	207.9655	213.8938	183.2651	266.1439	185.5076	136.8842	211.1252	299.5052	346.0338	151.3695	247.4387	152.6444	111.8628	109.1652	172.8433	161.9794	79.18107	149.81	80.64313	78.99758	121.3528	120.9292	42.95366	91.07239	44.42349	40.54607	73.742	51.80084	104.4037	122.0241	82.12019	50.99187	138.6852	59.13592	57.35094	<LOD	108.9838	66.66984	50.69892	79.33661	98.39828	72.21208	89.68448	69.54825	76.15475	67.36728	84.66656	<LOD	<LOD
CHEBI:28867	C10H19NO4	CCC(=O)OC(CC([O-])=O)C[N+](C)(C)C	"InChI=1S/C10H19NO4/c1-5-10(14)15-8(6-9(12)13)7-11(2,3)4/h8H,5-7H2,1-4H3"	Propionylcarnitine																	0.57714	0.09273	0.16212	0.30448	0.11191	0.26354	0.06163	0.46345	0.22028	0.1606	0.29638	0.14756	0.44823	0.36903	0.57199	0.56581	0.32287	0.35273	0.82727	0.28515	0.65794	0.69885	0.40237	0.33403	0.44448	0.34928	0.36787	1.862	0.71607	0.80158	0.33686	0.62131	0.41513	0.46998	0.3197	0.27532	0.45272	0.36859	0.64719	0.7044	0.40825	0.22409	0.53646	1.16467	0.38184	0.29383	0.14945	0.34284	0.40976	0.40573	0.4596	0.5079	0.5449	0.32801	0.52448	0.25995	0.55151	0.4297	1.04871	0.79981	0.33982	0.23373	0.3441	0.91851	0.56685	0.50384	0.26698	0.51084	0.17374	0.29454	0.5466	0.53645	0.30081	0.40025	0.40503	0.39052	0.30599	0.89412	0.26026	0.25519	0.1539	0.13012	0.33411	0.13251	0.29174	0.33008	0.38268	0.20905	0.43829	0.33385	0.23995	0.36047	0.31361	0.34882	0.26584	0.37011	0.50729	0.30536	0.34397	0.3873	0.50507	0.4249	0.53571	0.22176	0.44511
CHEBI:17148	C4H12N2	NCCCCN	InChI=1S/C4H12N2/c5-3-1-2-4-6/h1-6H2	Putrescine																	<LOD	<LOD	<LOD	<LOD	<LOD	<LOD	<LOD	<LOD	<LOD	<LOD	<LOD	<LOD	<LOD	<LOD	<LOD	<LOD	<LOD	<LOD	<LOD	<LOD	<LOD	<LOD	<LOD	<LOD	<LOD	<LOD	<LOD	<LOD	<LOD	<LOD	<LOD	<LOD	<LOD	<LOD	<LOD	<LOD	<LOD	<LOD	<LOD	<LOD	<LOD	<LOD	<LOD	<LOD	<LOD	<LOD	<LOD	<LOD	<LOD	<LOD	<LOD	<LOD	<LOD	<LOD	<LOD	<LOD	<LOD	<LOD	<LOD	<LOD	<LOD	<LOD	<LOD	<LOD	<LOD	<LOD	<LOD	<LOD	<LOD	<LOD	<LOD	<LOD	<LOD	<LOD	<LOD	<LOD	<LOD	<LOD	<LOD	<LOD	<LOD	<LOD	<LOD	<LOD	<LOD	<LOD	<LOD	<LOD	<LOD	<LOD	<LOD	<LOD	<LOD	<LOD	<LOD	<LOD	<LOD	<LOD	<LOD	<LOD	<LOD	<LOD	<LOD	<LOD	<LOD
CHEBI:15611	C3H7NO2	CNCC(O)=O	"InChI=1S/C3H7NO2/c1-4-2-3(5)6/h4H,2H2,1H3,(H,5,6)"	Sarcosine																	<LOD	<LOD	<LOD	<LOD	<LOD	<LOD	<LOD	<LOD	<LOD	<LOD	<LOD	<LOD	<LOD	<LOD	<LOD	<LOD	<LOD	<LOD	<LOD	<LOD	<LOD	<LOD	<LOD	<LOD	<LOD	<LOD	<LOD	<LOD	<LOD	<LOD	<LOD	<LOD	<LOD	<LOD	<LOD	<LOD	<LOD	<LOD	<LOD	<LOD	<LOD	<LOD	<LOD	<LOD	<LOD	<LOD	<LOD	<LOD	<LOD	<LOD	<LOD	<LOD	<LOD	<LOD	<LOD	<LOD	<LOD	<LOD	<LOD	<LOD	<LOD	<LOD	<LOD	<LOD	<LOD	<LOD	<LOD	<LOD	<LOD	<LOD	<LOD	<LOD	<LOD	<LOD	<LOD	<LOD	<LOD	<LOD	<LOD	<LOD	<LOD	<LOD	<LOD	<LOD	<LOD	<LOD	<LOD	<LOD	<LOD	<LOD	<LOD	<LOD	<LOD	<LOD	<LOD	<LOD	<LOD	<LOD	<LOD	<LOD	<LOD	<LOD	<LOD	<LOD	<LOD
CHEBI:28790	C10H12N2O	C1=CC(=CC=2C(=CNC12)CCN)O	"InChI=1S/C10H12N2O/c11-4-3-7-6-12-10-2-1-8(13)5-9(7)10/h1-2,5-6,12-13H,3-4,11H2"	Serotonin																	<LOD	<LOD	<LOD	<LOD	<LOD	<LOD	<LOD	<LOD	<LOD	<LOD	<LOD	<LOD	<LOD	<LOD	<LOD	<LOD	<LOD	<LOD	<LOD	<LOD	<LOD	<LOD	<LOD	<LOD	<LOD	<LOD	<LOD	<LOD	<LOD	<LOD	<LOD	<LOD	<LOD	<LOD	<LOD	<LOD	<LOD	<LOD	<LOD	<LOD	<LOD	<LOD	<LOD	<LOD	<LOD	<LOD	<LOD	<LOD	<LOD	<LOD	<LOD	<LOD	<LOD	<LOD	<LOD	<LOD	<LOD	<LOD	<LOD	<LOD	<LOD	<LOD	<LOD	<LOD	<LOD	<LOD	<LOD	<LOD	<LOD	<LOD	<LOD	<LOD	<LOD	<LOD	<LOD	<LOD	<LOD	<LOD	<LOD	<LOD	<LOD	<LOD	<LOD	<LOD	<LOD	<LOD	<LOD	<LOD	<LOD	<LOD	<LOD	<LOD	<LOD	<LOD	<LOD	<LOD	<LOD	<LOD	<LOD	<LOD	<LOD	<LOD	<LOD	<LOD	<LOD
CHEBI:16610	C7H19N3	NCCCCNCCCN	"InChI=1S/C7H19N3/c8-4-1-2-6-10-7-3-5-9/h10H,1-9H2"	Spermidine																	<LOD	<LOD	<LOD	<LOD	<LOD	<LOD	<LOD	<LOD	<LOD	<LOD	<LOD	<LOD	<LOD	<LOD	<LOD	<LOD	<LOD	<LOD	<LOD	<LOD	<LOD	<LOD	<LOD	<LOD	<LOD	<LOD	<LOD	<LOD	<LOD	<LOD	<LOD	<LOD	<LOD	<LOD	<LOD	<LOD	<LOD	<LOD	<LOD	<LOD	<LOD	<LOD	<LOD	<LOD	<LOD	<LOD	<LOD	<LOD	<LOD	<LOD	<LOD	<LOD	<LOD	<LOD	<LOD	<LOD	<LOD	<LOD	<LOD	<LOD	<LOD	<LOD	<LOD	<LOD	<LOD	<LOD	<LOD	<LOD	<LOD	<LOD	<LOD	<LOD	<LOD	<LOD	<LOD	<LOD	<LOD	<LOD	<LOD	<LOD	<LOD	<LOD	<LOD	<LOD	<LOD	<LOD	<LOD	<LOD	<LOD	<LOD	<LOD	<LOD	<LOD	<LOD	<LOD	<LOD	<LOD	<LOD	<LOD	<LOD	<LOD	<LOD	<LOD	<LOD	<LOD
CHEBI:15746	C10H26N4	NCCCNCCCCNCCCN	"InChI=1S/C10H26N4/c11-5-3-9-13-7-1-2-8-14-10-4-6-12/h13-14H,1-12H2"	Spermine																	<LOD	<LOD	<LOD	<LOD	<LOD	<LOD	<LOD	<LOD	<LOD	<LOD	<LOD	<LOD	<LOD	<LOD	<LOD	<LOD	<LOD	<LOD	<LOD	<LOD	<LOD	<LOD	<LOD	<LOD	<LOD	<LOD	<LOD	<LOD	<LOD	<LOD	<LOD	<LOD	<LOD	<LOD	<LOD	<LOD	<LOD	<LOD	<LOD	<LOD	<LOD	<LOD	<LOD	<LOD	<LOD	<LOD	<LOD	<LOD	<LOD	<LOD	<LOD	<LOD	<LOD	<LOD	<LOD	<LOD	<LOD	<LOD	<LOD	<LOD	<LOD	<LOD	<LOD	<LOD	<LOD	<LOD	<LOD	<LOD	<LOD	<LOD	<LOD	<LOD	<LOD	<LOD	<LOD	<LOD	<LOD	<LOD	<LOD	<LOD	<LOD	<LOD	<LOD	<LOD	<LOD	<LOD	<LOD	<LOD	<LOD	<LOD	<LOD	<LOD	<LOD	<LOD	<LOD	<LOD	<LOD	<LOD	<LOD	<LOD	<LOD	<LOD	<LOD	<LOD	<LOD
CHEBI:15891	C2H7NO3S	C(CS(O)(=O)=O)N	"InChI=1S/C2H7NO3S/c3-1-2-7(4,5)6/h1-3H2,(H,4,5,6)"	Taurine																	125.695	47.77772	74.43617	87.26967	72.48014	85.92531	60.01059	78.12307	46.38991	31.92658	176.1289	51.82583	192.5946	183.9876	84.45162	38.53911	128.1152	186.1075	171.4365	77.27727	141.6703	175.9673	135.4915	23.87883	183.7631	102.6721	162.4762	159.8398	147.3796	96.58701	87.11457	96.02304	77.81255	50.34172	58.56216	75.4231	50.6476	69.32367	48.60592	59.7613	66.03629	64.87996	62.41584	89.67232	66.47538	61.0684	57.06838	59.09648	74.41391	60.34794	67.33087	60.17234	69.71315	76.61307	101.1341	70.11513	115.1915	108.504	85.57236	106.0897	40.46782	37.95043	68.64077	89.22941	102.6104	64.31928	75.30865	61.49984	32.24268	42.9768	22.73861	36.16109	128.0687	226.7104	74.46482	102.2931	203.1638	183.4881	46.84782	46.39745	30.47273	13.55255	127.55	31.22597	131.8836	63.83529	150.2105	63.08858	65.44244	159.0709	106.0995	40.17377	147.2382	65.97541	65.38634	40.15712	65.00531	40.10099	101.9315	54.57804	48.84094	70.26535	72.6403	15.7033	51.95746
