database_identifier	chemical_formula	smiles	inchi	metabolite_identification	mass_to_charge	fragmentation	modifications	charge	retention_time	taxid	species	database	database_version	reliability	uri	search_engine	search_engine_score	smallmolecule_abundance_sub	smallmolecule_abundance_stdev_sub	smallmolecule_abundance_std_error_sub	sample_id	plasma_crp_01	plasma_crp_02	plasma_crp_03	plasma_crp_04	plasma_crp_06	plasma_crp_07	plasma_crp_10	plasma_crp_11	plasma_crp_12	plasma_crp_13	plasma_crp_14	plasma_crp_15	plasma_crp_16	plasma_crp_17	plasma_crp_18	plasma_crp_19	plasma_crp_22	plasma_crp_24	plasma_crp_27	plasma_crp_30	plasma_crp_32	plasma_crp_35	plasma_crp_36	plasma_crp_37	plasma_crp_40	plasma_crp_41	plasma_crp_42	plasma_crp_43	plasma_crp_44	plasma_crp_47	plasma_crp_48	plasma_crp_49	plasma_crp_50	plasma_crp_54	plasma_crp_55	plasma_crp_56_repeat	plasma_crp_57	plasma_crp_59	plasma_crp_60	plasma_crp_61	plasma_crp_64	plasma_crp_65_repeat	plasma_crp_67	plasma_crp_68_repeat	plasma_crp_69	plasma_crp_70	plasma_crp_78	plasma_crp_82	plasma_crp_83	plasma_ssa_031	plasma_ssa_032	plasma_ssa_033	plasma_ssa_034	plasma_ssa_035	plasma_ssa_036	plasma_ssa_037	plasma_ssa_038	plasma_ssa_039	plasma_ssa_040	plasma_ssa_041	plasma_ssa_042	plasma_ssa_043	plasma_ssa_044	plasma_ssa_045	plasma_ssa_046	plasma_ssa_047	plasma_ssa_048	plasma_ssa_049	plasma_ssa_050	plasma_ssa_051	plasma_ssa_052	plasma_ssa_053	plasma_ssa_054	plasma_ssa_055	plasma_ssa_056	plasma_ssa_057	plasma_ssa_058	plasma_ssa_059	plasma_ssa_060	plasma_ssa_061	plasma_ssa_062	plasma_ssa_063	plasma_ssa_064	plasma_ssa_065	plasma_ssa_066	plasma_ssa_067	plasma_ssa_068	plasma_ssa_069	plasma_ssa_070	plasma_ssa_071	plasma_ssa_072	plasma_ssa_073	plasma_ssa_074	plasma_ssa_075	plasma_ssa_076	plasma_ssa_077	plasma_ssa_078	plasma_ssa_079	plasma_ssa_081	plasma_ssa_082	plasma_ssa_083	plasma_ssa_084	plasma_ssa_085	plasma_ssa_086	plasma_ssa_087	plasma_ssa_088	plasma_ssa_089	plasma_ssa_091	plasma_ssa_175repeat	plasma_ssa_176repeat	plasma_ssa_177	plasma_ssa_179	plasma_ssa_180	plasma_ssa_195	plasma_ssa_196	plasma_ssa_197	plasma_ssa_198	plasma_ssa_199	plasma_ssa_202	plasma_ssa_205	plasma_ssa_206	plasma_ssa_210	plasma_ssa_214	plasma_ssa_219	plasma_ssa_220	plasma_ssa_221	plasma_ssa_245	plasma_ssa_252	plasma_ssa_254	plasma_ssa_259	plasma_crp_76	plasma_ssa_001	plasma_ssa_002	plasma_ssa_003	plasma_ssa_004	plasma_ssa_005	plasma_ssa_006	plasma_ssa_007	plasma_ssa_008	plasma_ssa_009	plasma_ssa_010	plasma_ssa_011	plasma_ssa_012	plasma_ssa_013	plasma_ssa_014	plasma_ssa_015	plasma_ssa_016	plasma_ssa_017	plasma_ssa_018	plasma_ssa_019	plasma_ssa_020	plasma_ssa_021	plasma_ssa_022	plasma_ssa_023	plasma_ssa_024	plasma_ssa_025	plasma_ssa_026	plasma_ssa_027	plasma_ssa_028	plasma_ssa_029	plasma_ssa_030	plasma_ssa_094	plasma_ssa_098	plasma_ssa_100	plasma_ssa_104	plasma_ssa_110	plasma_ssa_111	plasma_ssa_113	plasma_ssa_118	plasma_ssa_122	plasma_ssa_123	plasma_ssa_127	plasma_ssa_130	plasma_ssa_132	plasma_ssa_133	plasma_ssa_134	plasma_ssa_135	plasma_ssa_136	plasma_ssa_139	plasma_ssa_145	plasma_ssa_154	plasma_ssa_157	plasma_ssa_159	plasma_ssa_163	plasma_ssa_182	plasma_ssa_184	plasma_ssa_185	plasma_ssa_186	plasma_ssa_188	plasma_ssa_189	plasma_ssa_192	plasma_ssa_225	plasma_ssa_226	plasma_ssa_227	plasma_ssa_228	plasma_ssa_229	plasma_ssa_231	plasma_ssa_232	plasma_ssa_239	plasma_ssa_247
																					label	FALSE	FALSE	FALSE	FALSE	FALSE	FALSE	FALSE	FALSE	FALSE	FALSE	FALSE	FALSE	FALSE	FALSE	FALSE	FALSE	FALSE	FALSE	FALSE	FALSE	FALSE	FALSE	FALSE	FALSE	FALSE	FALSE	FALSE	FALSE	FALSE	FALSE	FALSE	FALSE	FALSE	FALSE	FALSE	FALSE	FALSE	FALSE	FALSE	FALSE	FALSE	FALSE	FALSE	FALSE	FALSE	FALSE	FALSE	FALSE	FALSE	FALSE	FALSE	FALSE	FALSE	FALSE	FALSE	FALSE	FALSE	FALSE	FALSE	FALSE	FALSE	FALSE	FALSE	FALSE	FALSE	FALSE	FALSE	FALSE	FALSE	FALSE	FALSE	FALSE	FALSE	FALSE	FALSE	FALSE	FALSE	FALSE	FALSE	FALSE	FALSE	FALSE	FALSE	FALSE	FALSE	FALSE	FALSE	FALSE	FALSE	FALSE	FALSE	FALSE	FALSE	FALSE	FALSE	FALSE	FALSE	FALSE	FALSE	FALSE	FALSE	FALSE	FALSE	FALSE	FALSE	FALSE	FALSE	FALSE	FALSE	FALSE	FALSE	FALSE	FALSE	FALSE	FALSE	FALSE	FALSE	FALSE	FALSE	FALSE	FALSE	FALSE	FALSE	FALSE	FALSE	FALSE	FALSE	FALSE	FALSE	FALSE	TRUE	TRUE	TRUE	TRUE	TRUE	TRUE	TRUE	TRUE	TRUE	TRUE	TRUE	TRUE	TRUE	TRUE	TRUE	TRUE	TRUE	TRUE	TRUE	TRUE	TRUE	TRUE	TRUE	TRUE	TRUE	TRUE	TRUE	TRUE	TRUE	TRUE	TRUE	TRUE	TRUE	TRUE	TRUE	TRUE	TRUE	TRUE	TRUE	TRUE	TRUE	TRUE	TRUE	TRUE	TRUE	TRUE	TRUE	TRUE	TRUE	TRUE	TRUE	TRUE	TRUE	TRUE	TRUE	TRUE	TRUE	TRUE	TRUE	TRUE	TRUE	TRUE	TRUE	TRUE	TRUE	TRUE	TRUE	TRUE	TRUE	TRUE
CHEBI:27891	C3H7NO5S2	N[C@@H](CSS(O)(=O)=O)C(O)=O	InChI=1S/C3H7NO5S2/c4-2(3(5)6)1-10-11(7,8)9/h2H,1,4H2,(H,5,6)(H,7,8,9)/t2-/m0/s1	Sulfocysteine																		3.491481568	5.191624442	6.011403994	7.544113141	4.803332752	1.371736829	8.736437939	3.683391037	3.785866747	4.164111107	4.097015413	3.32650713	1.523442772	3.339227316	16.55184399	8.509015977	7.01806217	0.919716774	4.175522576	3.383632379	3.650325557	5.333483178	3.900262238	1.63825651	3.066393939	2.351872017	3.399576505	3.253542207	7.41362595	4.147256484	3.0592163	4.285428548	9.686031491	3.582251484	1.640606771	0.852741957	3.588839209	2.670653207	5.12578863	5.144617223	3.292764002	1.991165876	1.078050436	1.102189304	6.654667218	9.263826653	6.170072376	1.965847643	6.170072376	1.864603481	3.082676522	3.179397441	4.325182266	4.414707697	3.362503555	3.450987646	3.686989889	3.246717416	3.141874201	3.559217549	2.93512158	2.822022755	4.278282242	2.004220128	2.291827565	3.080970404	3.87066894	3.375868221	2.156872321	2.439114513	2.735531544	2.251035866	3.259403089	11.62508062	1.53833689	2.618617732	1.53833689	2.618617732	5.017677995	2.630020651	4.140510874	3.209132023	2.810086893	2.806521008	2.720388261	0.952739413	0.689320475	3.147379904	3.059786675	4.141241691	1.434824616	3.017821366	3.079305323	1.961998989	2.766174496	2.362990844	3.617035091	3.160830796	4.179356279	6.489140655	2.478685756	1.321649579	1.765981619	10.63634477	3.469871929	2.914842786	6.595298351	1.579635176	0.995109198	1.158327645	0.382338783	0.460179069	0.864467329	4.229664871	4.584416284	2.604560335	4.432292278	5.861493584	7.127921351	6.854481429	4.052627385	4.795919004	3.468278925	5.738576663	7.197052675	4.011643111	3.545198475	6.866169692	3.371264593	4.638108358	6.865947904	4.249974725	3.198740469	7.552338826	11.2425527	7.086305381	7.671653704	7.927054845	4.222416585	4.842403946	10.99986275	4.92386325	6.585644897	8.055678147	7.038371134	2.574348517	8.86895786	7.570953543	9.778503878	10.15685187	8.582750854	4.997899221	12.75055346	7.366532018	8.018506647	11.47973957	10.61986353	5.479102329	13.52443299	5.850704579	4.505457746	6.872797925	7.326009413	6.779023925	1.946514104	1.144184655	5.557925293	4.91952497	1.698791388	0.881869604	3.934600894	5.372447865	3.492342067	4.541258862	4.408665993	4.485481825	3.040301232	3.738571954	4.57529803	4.093130931	6.099592675	4.369914993	5.483427284	4.01460118	4.980237339	4.837836685	4.136176821	1.823561223	2.155430482	3.230816913	7.29240987	5.423712431	5.905221853	12.42497423	8.634068327	12.79609194	5.889131933	7.354646911	3.115463429	3.115070468
CHEBI:194544	C3H7NO5S2	S(O)(=O)(=O)N[C@@H](CS)C(O)=O	InChI=1S/C3H7NO5S2/c5-3(6)2(1-10)4-11(7,8)9/h2,4,10H,1H2,(H,5,6)(H,7,8,9)/t2-/m0/s1	Sulfocysteine																		3.491481568	5.191624442	6.011403994	7.544113141	4.803332752	1.371736829	8.736437939	3.683391037	3.785866747	4.164111107	4.097015413	3.32650713	1.523442772	3.339227316	16.55184399	8.509015977	7.01806217	0.919716774	4.175522576	3.383632379	3.650325557	5.333483178	3.900262238	1.63825651	3.066393939	2.351872017	3.399576505	3.253542207	7.41362595	4.147256484	3.0592163	4.285428548	9.686031491	3.582251484	1.640606771	0.852741957	3.588839209	2.670653207	5.12578863	5.144617223	3.292764002	1.991165876	1.078050436	1.102189304	6.654667218	9.263826653	6.170072376	1.965847643	6.170072376	1.864603481	3.082676522	3.179397441	4.325182266	4.414707697	3.362503555	3.450987646	3.686989889	3.246717416	3.141874201	3.559217549	2.93512158	2.822022755	4.278282242	2.004220128	2.291827565	3.080970404	3.87066894	3.375868221	2.156872321	2.439114513	2.735531544	2.251035866	3.259403089	11.62508062	1.53833689	2.618617732	1.53833689	2.618617732	5.017677995	2.630020651	4.140510874	3.209132023	2.810086893	2.806521008	2.720388261	0.952739413	0.689320475	3.147379904	3.059786675	4.141241691	1.434824616	3.017821366	3.079305323	1.961998989	2.766174496	2.362990844	3.617035091	3.160830796	4.179356279	6.489140655	2.478685756	1.321649579	1.765981619	10.63634477	3.469871929	2.914842786	6.595298351	1.579635176	0.995109198	1.158327645	0.382338783	0.460179069	0.864467329	4.229664871	4.584416284	2.604560335	4.432292278	5.861493584	7.127921351	6.854481429	4.052627385	4.795919004	3.468278925	5.738576663	7.197052675	4.011643111	3.545198475	6.866169692	3.371264593	4.638108358	6.865947904	4.249974725	3.198740469	7.552338826	11.2425527	7.086305381	7.671653704	7.927054845	4.222416585	4.842403946	10.99986275	4.92386325	6.585644897	8.055678147	7.038371134	2.574348517	8.86895786	7.570953543	9.778503878	10.15685187	8.582750854	4.997899221	12.75055346	7.366532018	8.018506647	11.47973957	10.61986353	5.479102329	13.52443299	5.850704579	4.505457746	6.872797925	7.326009413	6.779023925	1.946514104	1.144184655	5.557925293	4.91952497	1.698791388	0.881869604	3.934600894	5.372447865	3.492342067	4.541258862	4.408665993	4.485481825	3.040301232	3.738571954	4.57529803	4.093130931	6.099592675	4.369914993	5.483427284	4.01460118	4.980237339	4.837836685	4.136176821	1.823561223	2.155430482	3.230816913	7.29240987	5.423712431	5.905221853	12.42497423	8.634068327	12.79609194	5.889131933	7.354646911	3.115463429	3.115070468
CHEBI:15891	C2H7NO3S	C(CS(O)(=O)=O)N	InChI=1S/C2H7NO3S/c3-1-2-7(4,5)6/h1-3H2,(H,4,5,6)	Taurine																		203.5997903	52.83218118	77.65459239	141.3713576	221.8595005	246.8212375	528.8334497	219.4364029	141.5394157	79.86847103	291.4856553	526.5972059	61.70787042	442.1850897	312.4155032	178.2505954	184.4756931	267.7095306	452.390093	141.0251162	260.5405434	347.8043324	95.66454753	329.896414	239.4427143	67.16517845	242.5409627	52.37356895	203.0963247	292.6744418	34.9106286	91.94900156	285.2929435	217.1921142	123.5958954	142.1799489	479.4177673	55.81286461	216.0832631	114.2790699	45.35354228	126.2942266	206.2918402	188.7051375	44.54913798	223.6360458	237.2106487	105.9351826	237.2106487	84.92417956	77.11148555	75.06832962	68.95492503	88.97228473	110.0447074	167.902163	131.3691385	152.1381287	306.4436229	82.79064255	120.350139	236.8469926	120.8341085	69.42550701	91.48601405	116.2123102	276.0744918	71.71969405	28.54830368	51.75485561	53.38285211	40.87244492	25.46879317	250.999121	64.36312285	42.12126757	64.36312285	42.12126757	24.95881172	68.41721492	42.47682693	27.81806468	25.69283463	44.2141689	115.9027828	28.7614806	29.53497649	69.28465542	39.01791459	23.9634089	33.6652244	38.66515098	31.65126049	9.345829582	15.51438163	57.06888375	25.67793864	104.7801377	53.26520146	55.35966517	36.62159354	36.09056379	58.83480592	197.2771076	89.80891439	49.36933378	30.19797725	57.16787781	61.61008699	30.74501278	26.75338488	30.47745313	32.43645913	110.0297843	94.64593476	258.1041304	56.64259686	106.9884919	29.72087139	172.7092099	113.7385292	88.18035198	131.5493697	97.39948969	49.22455901	204.6201968	154.2610683	143.6502203	160.7512939	146.6417307	40.35472885	105.2974522	214.4299662	199.067849	226.720176	293.1854892	173.0914634	145.44867	382.3209606	116.1124876	334.8941219	187.9530305	132.4809619	112.598274	87.32856956	34.35812171	179.0377706	164.9140759	159.6760025	255.805072	171.2851143	163.6417198	148.1867488	84.9944567	103.5534192	128.9848843	129.8285196	104.0964329	162.8061706	171.6461426	132.8536994	44.58598777	190.3328694	75.887988	107.7604421	141.8650585	171.806811	61.79662906	103.5840189	8.508817337	177.551072	393.971289	114.9587277	157.7794272	157.6262969	95.53754889	118.6042047	77.34287582	294.3946772	353.0216531	126.1301496	188.548693	233.2405819	78.23373341	187.0575007	119.375295	115.8683141	80.13424557	162.8216748	107.7749913	138.6278365	77.4233221	100.0356944	130.1259755	66.41955241	108.8092232	67.29457132	57.22298127	56.04102232	177.707979
CHEBI:18183	C5H7NO3	OC(=O)[C@@H]1CCC(=O)N1	InChI=1S/C5H7NO3/c7-4-2-1-3(6-4)5(8)9/h3H,1-2H2,(H,6,7)(H,8,9)/t3-/m0/s1	Pyroglutamic Acid																		192710.4624	243181.8471	375235.0718	230537.3596	641169.4088	369329.5247	558522.2136	388641.0202	172785.0554	420451.8654	269380.8321	268396.1637	476329.3946	232980.5621	586128.9756	397768.4939	372151.7354	757224.5814	145838.3096	270908.3424	177249.684	153723.4754	226821.5432	383089.6116	169708.9787	87702.84641	234639.6211	132946.0113	312005.4786	153966.3188	330099.6965	239479.1203	299364.9177	270967.101	258667.8277	251758.1009	95575.26101	59826.12384	166963.6376	239375.4754	111637.1742	120588.2135	146020.9897	100834.2167	100160.4981	225047.3429	169207.618	285201.7653	169207.618	293636.3491	263254.4171	140618.1289	166477.3135	190427.873	199547.4022	273751.5005	201818.3603	311363.9777	211685.6675	193037.3511	243757.1665	241937.3943	198358.0903	161195.0648	277659.1093	200055.4782	240005.2835	125190.2924	112619.9635	149739.1619	161552.8723	180426.3321	218504.4626	509333.8494	205245.6618	166205.4059	205245.6618	166205.4059	156486.1982	113007.0988	166002.3805	211352.7504	190278.57	134829.4632	118125.7628	165455.1499	185947.9624	135866.6566	234558.8245	160494.6983	162521.5682	1098278.661	179664.2786	92684.33557	173935.2748	180430.6598	143850.9393	196468.2535	222260.5323	119105.3294	151327.183	154191.4221	133928.1577	542504.4007	162769.3146	144680.902	130622.3579	142929.5332	64090.14461	60727.56627	47310.05404	33952.5991	35491.77893	124479.5189	145340.8706	127796.6515	153959.5224	104681.1227	108586.0152	116046.7939	130647.5875	119691.2014	142415.2702	95814.89495	73522.17224	134400.703	105987.9013	87486.63648	82569.46837	95683.10851	440714.1876	746451.768	750031.1674	900954.388	824685.8003	685343.3715	652491.0793	716989.873	931183.3249	438452.7431	546323.0352	487111.8426	498511.4871	647813.3408	510683.0786	89994.31609	537318.2738	332284.5684	480183.147	377683.6351	498591.2247	522704.4059	368708.9932	419961.1522	345638.7061	255186.014	418714.7482	349985.6007	356199.3469	402659.2182	398543.9199	194883.7134	115702.7057	134444.2076	177414.5755	96793.76361	81332.4825	89654.32915	88499.74389	522.7900745	104687.1964	150309.532	119415.0672	188544.7097	82432.13311	201123.9502	159082.0573	222356.7525	167465.6483	151988.3642	108458.0888	122391.6099	162089.3693	279025.5115	186951.1038	96524.13329	89187.87688	211954.0849	131615.8723	85359.45543	136546.6532	154470.4378	199021.8728	242575.8309	216300.7873	338436.7817	163441.1237	273973.8931	179417.0377	117023.4213
CHEBI:22660	C4H7NO4	NC(CC(O)=O)C(O)=O	InChI=1S/C4H7NO4/c5-2(4(8)9)1-3(6)7/h2H,1,5H2,(H,6,7)(H,8,9)	Aspartic Acid																		98.92387032	27.06125498	55.41088498	64.64033817	86.71798533	50.52600104	208.7395333	82.78672571	39.58722532	79.45683012	52.91624605	71.45127255	13.43581994	92.20237055	92.0783785	62.79460813	22.4819928	31.1002012	109.5233934	18.76844835	59.84320922	55.64723487	27.70287907	70.21647395	58.28953461	59.5969392	56.03303603	11.17487592	102.510295	63.68273971	17.59579023	15.22018242	86.43237402	51.65236636	46.83422986	50.98556193	79.18872398	7.767110859	36.24045505	43.06652343	6.574866117	25.9755347	36.88725282	28.44783302	30.94853559	56.09703841	59.01093323	30.75124392	59.01093323	5.394681667	6.942758286	4.65607817	4.921234078	5.91414862	6.899378142	8.207756893	9.067915397	8.897509264	13.04259497	6.039121704	8.147953267	9.745747304	5.772476071	4.755674737	9.206551065	8.144783619	10.96547131	3.983162336	5.278735606	3.268926853	5.219536089	4.030607752	8.052747227	31.31615677	9.384338199	8.42707009	9.384338199	8.42707009	10.63517072	8.949293989	6.030877671	7.939499278	7.896388762	6.451410294	5.133458033	10.8897615	13.95414057	7.024133368	5.724361974	6.069540502	8.070587222	8.757999215	7.78457066	4.291924283	8.155178536	7.227482542	4.667979904	5.181265119	10.0829829	8.572840355	6.26725336	9.424402559	5.992814078	25.10062443	17.59006216	7.342802742	5.938970726	8.563592349	3.74563331	3.901801425	3.305016253	2.501979439	1.632852505	22.53902607	16.70383189	45.17734484	10.27373147	11.2846909	4.173720851	15.8549129	8.768651365	14.46234167	19.45915083	8.804685134	6.731650339	15.24558714	13.93889952	13.6981761	11.33518342	12.15396487	20.62527865	20.58239289	26.38596478	28.92866418	16.68312315	16.7067034	17.02235182	14.32388288	25.90420615	10.92268657	21.2571512	11.88440047	16.70951088	17.13168446	10.46620239	2.447507807	19.47191066	9.607140811	18.46984105	10.38325082	9.660916141	11.13989957	10.23157093	9.994101484	14.80487231	14.43553023	12.58506382	13.74521864	10.49681215	13.31321127	10.88342075	7.692451169	13.9712459	10.59925627	14.2036878	13.96274706	11.39093664	15.45122499	15.74915543	1.538956567	17.34840186	42.20156913	14.86253111	21.61855353	21.86322856	17.76165203	12.62523109	13.42059647	19.14004912	41.69428353	18.74021002	26.54834961	33.82678533	15.10215936	17.75624337	15.22904711	10.96810836	15.0167028	13.21302051	12.18911757	16.0600096	10.48142845	9.065960456	10.23666883	14.15028428	10.65112802	13.1377549	13.48581476	10.60261726	15.94638252
CHEBI:24741	C5H9NO3			Hydroxyproline																		51.3617553	12.23106646	62.16676999	12.48596903	23.57217899	143.87287	19.68070366	23.01531909	23.03295849	43.17601335	20.70350065	18.78816697	77.11330531	240.8724217	103.8491284	10.2793375	63.93574516	47.3059709	17.11148336	57.84235606	14.46192901	10.27154682	19.42127843	215.9045336	8.682202794	140.9728667	20.80199591	6.455441894	25.22505885	43.53339585	6.165797934	8.379866461	98.376779	12.38932604	11.26651698	6.557584868	15.75361769	8.366858721	14.37078393	67.6556905	8.182287459	3.736050936	10.69223479	5.325899698	10.89660614	93.21472366	8.170347249	32.55058323	8.170347249	9.355031249	17.30061744	10.70883721	14.82555109	15.03338565	17.27068767	16.87660186	15.83997934	20.83432392	19.04407926	11.74425979	8.431233673	11.26047866	10.56063298	6.763722091	13.55801919	8.361421076	25.18471882	10.80005658	8.436684113	10.74096192	23.34729055	7.536419002	10.50435981	92.88606075	33.43485779	23.11181483	33.43485779	23.11181483	17.84840534	16.21511612	6.785576687	7.183552963	13.78773822	18.24549328	5.994902326	18.21357275	8.002917323	25.82766477	7.488930643	9.976943354	15.43297501	13.02840114	30.54309093	4.998639523	16.90853555	13.81304686	6.767199246	11.5630528	8.225869882	9.737268754	18.11623227	20.86580305	13.1146289	50.38728747	16.87568863	27.31625393	6.491702135	26.48908081	43.85802137	20.47338687	12.89747031	12.7986763	5.439509861	13.28445223	22.97348316	31.85141066	13.80503738	8.617606072	8.384223384	35.00943608	13.16373203	7.589782447	26.4080757	5.017431123	25.02662088	24.14625523	11.29542401	9.568697739	27.87283969	5.365333293	5.633334748	9.763582691	4.428079885	5.251058162	15.57900491	30.90754671	12.83745529	15.41989569	7.242429943	7.134000216	7.696269025	6.253866654	7.045895232	3.747797581	2.922588825	1.199177366	7.198634162	13.22292903	3.781549472	8.316953823	5.36927264	16.68297736	4.037824415	4.310331746	12.77674497	26.95787745	5.975058509	6.334956338	4.536310759	5.917910885	2.903402509	12.85979307	25.32932614	32.11155321	28.27059706	14.14123046	4.314010356	61.77875438	7.294695199	0.441654186	29.89799154	22.4688837	5.245044938	17.10935885	5.612440814	21.1527459	5.167431406	8.50199606	4.146437201	15.87477926	22.85844169	5.233867883	4.37619079	4.191448606	5.338326069	4.561207369	8.89109522	9.485109816	8.173901198	9.680732174	8.2865125	7.349615292	12.85800509	15.54333723	12.05719555	10.05133899	20.13498408	7.886438131	9.064087754	11.87080007
CHEBI:22653	C4H8N2O3	NC(CC(N)=O)C(O)=O	InChI=1S/C4H8N2O3/c5-2(4(8)9)1-3(6)7/h2H,1,5H2,(H2,6,7)(H,8,9)	Asparagine																		65.15637476	79.31447733	115.2677206	23.04809993	65.66590717	73.55781472	106.6732946	59.67558083	56.31145218	93.2062083	110.3569697	74.66984394	70.92960675	143.0958255	104.7584106	79.07029659	46.12374942	53.95426613	39.43028789	42.36588394	77.78627382	86.59815402	51.31292826	142.8047013	1.724340965	49.65832936	63.44901749	31.21612939	66.44919457	47.41257933	27.33679012	33.5706983	68.7254121	79.56949647	44.81436578	42.47214646	42.50200168	26.49471644	47.92907971	58.19086031	27.81654121	34.84934617	49.90180652	37.64567182	69.97625673	57.02024283	58.35045173	57.6779752	58.35045173	55.54378711	52.44749197	48.82531186	96.84544941	90.73073554	64.23964659	70.34533142	51.85764862	91.0765589	68.43627457	58.11747083	69.21572632	59.75711871	56.86837952	73.82784395	138.4040832	66.45116847	76.41846923	52.30996665	51.53428417	56.90965324	72.73731149	94.55392583	45.42977319	205.407932	46.61191127	66.27716098	46.61191127	66.27716098	66.10818575	40.73014329	23.84375903	51.14553824	57.25072769	59.34667908	25.60229948	53.61926463	29.81510617	41.79126996	38.81028326	42.77196462	62.8062597	24.26284391	45.27845545	30.94265226	37.66707829	39.07306446	41.46265341	30.79892437	38.03511303	49.00573652	46.7251527	35.72056859	34.29923524	97.2526501	61.96603681	33.95827497	32.29331721	30.0019349	53.84236448	48.9573447	33.17471918	18.72069763	19.35731216	38.50247638	50.41561224	84.67973713	36.85728733	27.30559144	37.47128986	46.08096865	52.43882251	48.42844951	61.30859591	33.91960719	34.42231287	53.58649958	43.19863627	24.38535438	51.05452392	43.59932914	28.53736477	45.13381885	36.37300795	70.00450196	47.3395373	48.71626575	56.50614549	37.43161026	39.38959769	39.19600455	52.23220793	42.40719106	47.51292133	40.54144884	38.54219288	8.173420121	27.60703662	44.82716363	43.78367462	45.80468818	52.11522933	43.88753464	30.30064064	51.20604266	49.15457488	45.21851212	32.78610714	54.04503328	60.49593664	42.43417341	27.60957243	39.9055475	101.9083353	66.56188573	79.65806168	39.48324706	28.23368838	38.9639043	52.66195696	5.628885157	52.11573742	64.41311964	40.91669571	58.98013895	49.4618722	54.60011769	28.91274149	73.51912301	59.80800576	61.61183252	47.80773847	36.50133619	47.53255609	34.65475804	50.02927192	28.38219628	49.82126302	44.35724938	50.56687981	30.20994469	62.66884425	34.32651733	56.82797405	51.71042727	75.00936914	47.0985944	59.9763855	39.55344921	38.20420877	57.72661591
CHEBI:17822	C3H7NO3	NC(CO)C(O)=O	InChI=1S/C3H7NO3/c4-2(1-5)3(6)7/h2,5H,1,4H2,(H,6,7)	Serine																		357.2338205	216.6497193	306.4579873	242.7136212	265.9956055	213.5628771	527.4248028	280.1878097	233.0576238	301.9695836	357.0114918	209.7590774	170.6238106	459.9737492	276.240976	299.9839569	118.623707	264.7222742	253.3518268	118.6292248	231.1057449	284.5636916	195.9432028	273.38071	133.0762762	221.6641795	341.0409764	94.15990223	405.9215927	354.7724543	139.9097486	142.991606	350.7101181	279.9644368	173.5150074	203.4226619	243.0732909	85.86154623	269.4494208	185.6884997	73.00114133	92.49103524	146.2019819	111.7000659	202.5711266	258.1069817	377.9853635	146.0375256	377.9853635	101.5260143	94.48701725	76.58599542	240.6777591	186.7670205	121.6425811	150.8596145	82.39387625	106.2682347	106.2214751	110.0201166	150.0253177	123.8675727	122.9055323	141.9279236	234.0340863	140.3706404	132.113818	127.1859836	113.8409403	96.35537083	136.114369	159.950643	79.83044095	382.1987134	87.15727349	111.5156343	87.15727349	111.5156343	128.4454341	88.73958689	67.05068616	110.309135	117.260424	117.9237482	48.60913021	102.4236312	81.89451981	108.5909086	88.05154541	80.77888989	129.2094432	55.51917121	70.71239848	96.15755397	156.6103288	99.65554538	68.05214134	74.59902274	70.01765376	101.496579	128.6416427	82.22511855	67.7354293	277.0605261	81.33408261	99.97451422	71.57997355	69.11499043	74.55785794	98.52194864	86.02225126	105.871147	23.07680528	117.65083	103.9513252	192.3346415	61.78558443	83.71321726	177.3879853	125.549379	90.71158565	144.7760186	94.25102566	65.90174409	69.77575194	158.1087631	103.3349799	89.33618989	133.664481	93.99835309	141.4471436	105.2020601	106.3695129	166.3749621	92.25190044	93.73844818	131.3141265	111.3088154	116.5682073	96.60099415	109.5126488	94.49303871	124.3407195	73.81429776	69.34370374	25.33715872	85.57421366	100.8360837	139.1256679	76.31104945	96.93796486	91.01761573	70.32434226	130.1153138	108.9699326	89.51680175	98.35698751	85.96796951	98.85989992	90.2912481	101.9721353	69.95602857	127.7571683	196.2692793	150.1114297	83.70579088	67.0747463	117.8204664	79.95669934	5.364224012	174.7594935	176.1957737	98.03595447	152.1394541	103.2014352	134.7024084	81.79656867	150.9896331	120.4633399	163.2541862	112.9068261	120.8190476	186.4542055	78.84858745	110.0182762	83.2890328	93.22956382	90.56085261	161.2690121	73.61927496	136.8707064	68.14734266	119.5597967	84.25762504	120.841392	221.7244569	118.1420786	79.04781587	99.21379935	160.7563705
CHEBI:28300	C5H10N2O3	NC(CCC(N)=O)C(O)=O	InChI=1S/C5H10N2O3/c6-3(5(9)10)1-2-4(7)8/h3H,1-2,6H2,(H2,7,8)(H,9,10)	Glutamine																		163.2858088	402.4604859	667.7461179	188.6553506	952.7441157	262.7491648	509.1587288	328.9236807	429.3188157	497.8445714	488.7122872	534.6963915	211.6576301	375.9080447	909.4511556	560.6318708	440.8896775	549.2797281	49.10310421	278.9990393	394.5920962	13.11803246	384.6414144	25.96164199	247.3019304	10.39156916	326.920532	59.02572079	441.5364861	158.3165111	111.5669767	275.5825748	355.347595	332.4781756	274.9966666	135.7531407	45.49618113	8.077886339	280.0546824	93.59783218	41.15829588	195.1614252	192.3050355	282.9039453	307.5539054	243.3176057	234.121517	177.3410271	234.121517	541.0515317	644.3716625	462.5110288	708.2896755	875.4792178	627.8632542	677.0022764	503.768143	637.2365935	559.1735644	670.7605591	846.6726737	725.8171139	731.5280821	699.3516627	888.9963431	806.0736704	840.666428	748.809964	623.3448948	717.0566233	746.1588905	863.6644883	478.7464348	2866.941068	567.0865131	596.6198567	567.0865131	596.6198567	576.5442519	94.29940133	379.8279163	534.2782067	397.3731181	583.1870647	366.6498957	478.7294194	285.4809266	465.3686697	550.7727427	418.1541551	727.6498412	263.3751385	455.4152106	164.8592632	519.2852981	585.5287749	407.4700301	609.3736022	457.0988475	523.5147587	498.0538313	500.027553	421.5681672	2427.387723	490.3648753	537.7218635	383.6853154	431.8574019	539.8068272	511.7789896	334.1682018	255.6185031	203.9483861	294.6407232	358.7089766	424.1601265	526.5757737	320.0645708	430.7475168	215.1718811	514.2241905	389.5288858	549.4841132	380.2378685	306.6496778	502.3281292	532.4009579	217.9544769	367.8951486	436.2540297	184.7092286	501.1971687	150.3398084	466.72087	517.256415	465.8307728	450.213224	519.7580595	373.9500354	271.4809168	423.7939801	388.7058183	492.8973146	409.4469309	450.747974	121.2529103	286.4131931	495.2972063	511.5284582	449.7389995	470.7449445	450.1641303	327.2583731	435.9303291	197.8701715	363.8127136	411.3827871	385.40598	335.444186	517.3611224	449.4716588	492.1115681	375.3536396	276.7378335	548.2871081	360.5755442	187.7317564	300.1284643	243.3757607	13.57255614	258.2926997	397.9373196	424.2384318	391.275424	176.3395068	644.8285942	381.7288573	510.31357	293.6063868	160.8356935	240.6035978	255.0127636	298.0018413	372.503558	472.2667517	268.5903857	298.1703307	430.2713793	466.6942049	257.851241	362.7323896	419.6724881	391.404777	409.452365	470.3681596	367.8984136	463.5547271	195.0256566	502.7266645	599.2300309
CHEBI:18237	C5H9NO4	NC(CCC(O)=O)C(O)=O	InChI=1S/C5H9NO4/c6-3(5(9)10)1-2-4(7)8/h3H,1-2,6H2,(H,7,8)(H,9,10)	Glutamic Acid																		875.7956692	547.2811119	1044.014188	469.5678126	584.0209568	1017.065359	1131.084187	685.2360782	268.9152019	821.1357641	939.8760752	668.1767274	502.7788807	1166.060807	659.7641525	360.2071659	226.5491999	423.7701728	812.3480444	324.9007255	342.3595526	1099.844965	302.0597597	1839.317194	248.628994	923.735068	575.9762131	490.0232161	414.4966774	636.8727673	528.4130133	212.147091	989.9093054	528.5380576	571.280569	341.4452777	704.0177865	374.652852	461.7273464	483.7625625	447.1868382	149.9284191	692.464058	246.140615	318.2101677	781.3085698	531.053573	684.3723296	531.053573	82.8068801	121.1350078	88.58418451	78.34738162	89.42592978	107.6881683	185.8854378	111.0698457	145.5906679	161.0164658	115.0248505	149.5629837	171.3094051	74.20757527	65.94875507	111.9428998	119.5240229	147.0390348	65.55877093	81.29682327	69.81136992	103.2584061	72.91206885	150.2158262	405.9320861	155.0073121	122.4658339	155.0073121	122.4658339	121.904216	301.4022508	82.60967545	81.82021555	314.365124	94.21245345	101.497148	148.275818	559.6715112	150.5253778	180.4775551	92.48054836	79.880406	163.289347	156.0780181	332.6762647	153.7719037	87.18881433	79.01279737	82.46926199	120.1346209	142.2347881	134.5497442	87.11168473	137.2651953	409.2888701	130.8695634	292.5677007	225.9746886	127.4618851	93.58817629	79.68163656	74.1515583	38.10727229	42.80350983	131.2686734	212.6931964	236.1177257	267.7122534	155.7141471	100.9174605	255.7974232	134.2987605	168.5012865	183.7636815	164.1854671	87.17023113	191.2027522	144.6023035	207.7985755	121.7591475	117.3666312	312.5408268	133.2195748	204.055834	152.8547255	227.427002	165.1476825	150.2069679	137.2794207	200.3396334	104.2599622	129.1539117	109.0204789	189.8411448	117.9611327	99.26686771	27.68398302	274.9217002	125.5056263	142.8743926	130.2401569	106.7016388	122.5213611	117.7561367	145.8822495	399.6141951	150.6658092	195.7328098	159.5798587	116.2085229	154.7086049	194.6639721	156.9054034	139.007122	279.9136769	169.8982234	168.7771736	188.6171806	155.7942108	119.8090176	15.38596912	289.4461251	377.4632258	156.2114372	241.8739393	290.9708219	221.4939045	232.2415647	208.4635397	227.263901	579.0924526	203.7336604	231.7946412	276.5518493	90.51556889	299.1114677	144.0300113	161.7012853	103.7938734	125.2192302	139.303792	160.5575544	81.63899588	100.0389341	113.4473224	104.611123	119.0469571	93.28218238	281.4223	127.5276243	103.6760717
CHEBI:15611	C3H7NO2	CNCC(O)=O	InChI=1S/C3H7NO2/c1-4-2-3(5)6/h4H,2H2,1H3,(H,5,6)	Sarcosine																		7.692426171	2.351550134	6.722755892	3.736766041	2.952311325	6.433905374	4.54340398	2.037487687	2.092666186	4.209519078	8.923737792	2.256568937	6.002194453	5.571996485	11.91922894	3.743649173	0	3.647708453	4.428006785	1.942196671	3.037421272	3.063233327	3.251725652	7.475624061	2.504813109	8.343957923	2.178751363	2.299868657	2.530538654	2.751428984	1.578410253	2.655208615	4.549825773	2.342268285	3.399179374	0	4.563464914	3.670450633	2.494949334	3.421696874	2.628479575	0	2.84820311	0	2.799615859	5.2323191	3.219041769	1.656063802	3.219041769	6.774836953	5.316101319	3.074716421	6.20939068	5.815396671	11.44451826	10.48693954	9.159827042	8.488225505	11.84077966	12.21806204	11.94282794	10.361871	11.38354288	7.871607468	11.98030361	10.12348949	10.77893886	9.478040905	8.390531661	9.419912254	11.18294316	9.695120709	9.711605693	33.1399043	8.53633459	8.035028068	8.53633459	8.035028068	10.10483292	5.22098425	4.719715278	5.027755723	16.91509578	10.92018004	5.301024967	6.296762927	11.57138257	7.316357089	9.042692385	5.578299151	7.003009864	7.629241395	6.639054409	4.792283903	9.674314054	3.838099649	8.416032815	9.37120479	8.910277517	3.712917382	11.27809404	12.4317236	6.7583144	33.08096462	4.657263852	7.324943531	7.823429375	10.49298403	1.596355708	0.889912202	0.040025045	0.698842018	0	0.090700025	0.597870122	1.038638032	2.800394364	0	0.430847988	2.348366332	2.139612808	0.254436155	2.302235089	0.717712328	0.335893708	3.784252553	0.770842377	0	0.566093331	0.079396926	1.816908728	3.94929217	3.446415766	21.13036818	5.80809228	6.832686606	4.869119655	4.738228194	4.182556807	3.894106969	5.207191669	4.683325918	6.257336157	4.314858173	7.534974465	2.123795038	5.015645526	6.342406362	5.433519615	5.352898605	6.470846299	4.504713977	4.724311402	5.889587758	6.105307142	4.693767942	5.132392563	3.428294016	10.64430474	6.364977986	5.007714011	0.146938268	1.249410043	2.157337944	1.605097296	1.741466353	0.314737635	1.738896743	1.456209603	0	3.395109274	0.821884264	0.263506997	1.646658883	0	0.232913846	0.429000195	1.030280023	0.184636329	2.941723059	1.905326441	0.181038448	0.465722276	4.857892641	0.07154003	0.174471828	0.385069088	0.451945058	0.669853439	0.169883229	0.527746884	3.175262811	10.83557222	6.522867186	5.834052223	17.5754207	4.329238229	5.227683869	8.773169366	0.056453987
CHEBI:15428	C2H5NO2	NCC(O)=O	InChI=1S/C2H5NO2/c3-1-2(4)5/h1,3H2,(H,4,5)	Glycine																		550.327003	388.9400546	791.3641932	475.0837821	439.1703773	681.0324906	758.5451582	441.7955967	261.8319922	458.9598023	619.9405593	457.6733837	408.3153146	746.6326706	943.4201521	378.1135666	440.8135552	631.9988743	335.3416522	310.0259834	394.1419384	510.4346854	273.165832	896.3888514	268.6943318	489.6653591	436.3345736	166.5110699	494.0760077	432.9769774	186.1164366	172.5035951	562.3752802	474.9706571	524.3438912	225.7017264	290.618343	139.805993	290.1440552	310.5486324	143.4890682	164.9493893	260.2980254	240.4980661	354.3342199	490.5077525	344.1149416	341.9115835	344.1149416	208.0374974	203.9124836	214.3185469	416.4439311	343.8501482	241.4233553	246.0478343	203.7076075	349.9985563	211.4391514	271.3288566	257.8227743	261.0757572	272.3153345	301.1256007	434.9743202	265.7216592	247.4128423	290.4925661	195.6824051	264.2109785	282.5446305	328.8065003	231.7399245	1359.738461	177.1911224	293.6120552	177.1911224	293.6120552	244.062531	149.338721	197.6785293	234.5178056	292.1994389	289.8652933	121.7884848	208.4329946	242.4821711	185.0965732	209.6743182	186.158133	313.2347372	166.5446134	247.7052025	344.4311207	248.0377981	273.7075901	147.0587274	237.6022804	191.8763487	332.7133102	199.7556367	220.4471462	185.9724384	775.0623707	279.346149	233.7243726	372.7704286	282.0581223	279.73453	331.0785587	123.1324172	74.02723951	126.4890493	175.6986859	292.0273203	368.477625	169.0896074	143.1566939	250.9066529	307.0891659	213.3805377	263.3600016	282.211363	168.3470746	198.7826922	662.3335529	242.9656377	149.2025614	434.9955769	181.7243875	157.6652271	174.2886497	214.8301016	331.4195287	218.1379138	316.1422026	179.9463533	172.8019317	203.9204639	116.3095628	308.2351086	172.4062296	269.0298326	152.0043125	142.2002774	66.34801594	118.4947914	253.0057944	212.7723186	146.2447551	240.2510769	160.4366885	146.2013934	174.4470412	177.2890685	146.0394396	217.3043701	132.4801783	189.3727879	217.4736848	142.0262455	379.9593323	410.5596008	361.5012427	398.8405334	232.1374086	121.8788275	309.5239926	175.5894999	9.060569022	672.5996524	397.3153379	182.0630614	273.7665743	189.3984684	397.791445	216.3764611	350.1465594	216.7035877	336.1938106	208.389744	200.2479454	229.0641306	154.244803	166.9442682	150.2991735	240.7917946	190.6705762	506.0613101	180.062001	197.6306345	143.8449699	250.6974292	270.9315095	268.939085	291.2226684	243.3121468	158.2423454	189.0530665	453.3105271
CHEBI:26986	C4H9NO3			Threonine																		248.6050609	375.7340438	493.4969887	275.638108	351.457003	184.3178046	406.5318948	200.9793671	360.0151736	307.050073	471.9003297	238.4384926	200.1802112	433.6278483	351.0400366	210.1202649	107.9742329	172.9748091	210.982283	123.1841958	221.5803249	258.3001839	181.1540677	244.0593056	106.3271663	325.7371423	162.3654505	60.98514653	217.9459136	210.5024244	75.17585109	104.513582	221.8176025	298.1492173	175.5637241	165.2855248	176.3872922	68.68148827	156.2723921	141.8396189	61.24346435	77.83493321	125.3907526	74.05522518	208.1621116	168.2233417	252.3942778	173.0644922	252.3942778	143.5815845	108.2478992	81.49273388	199.9671655	194.0900876	164.6195281	161.5718139	114.2895264	169.7948097	126.8277383	145.3922366	139.9362776	153.8122174	168.7407333	103.8265819	298.0261158	149.9139194	181.6566219	144.2306606	155.3883653	115.9158743	173.6399941	162.1387927	78.96388571	562.9213175	81.86682492	159.1502324	81.86682492	159.1502324	161.0792299	99.24567968	63.1199945	127.1515154	149.6005696	148.7693172	35.36144054	116.1061999	134.9511995	82.77533847	115.158852	74.99580268	186.181472	64.09770332	106.7136749	136.1815457	237.3439076	81.84416031	82.89608651	56.27021176	63.76029487	188.6232631	107.3364685	127.569671	81.5109485	299.3426989	143.3899693	107.5940634	82.79001007	97.27641457	114.7952689	154.3341748	115.151572	78.04351418	48.27740768	166.3674228	134.3142548	174.9254162	104.7079374	45.68084108	156.9122834	95.12916309	134.2286578	145.2876627	119.9212632	87.63289644	97.58407732	105.5733114	128.0344283	39.08821395	100.7357172	113.4121764	62.19509535	81.74610798	75.02321745	142.0913867	131.9186429	81.43874512	105.375116	103.8642989	95.63323212	67.69264132	114.6134635	90.25271759	126.3886781	63.43206503	74.69183431	12.90998363	68.76656781	137.2726623	101.42177	67.17993804	72.18641847	91.11650204	64.94725606	103.712984	120.8808046	80.72366215	52.33164309	60.20854634	94.39444562	93.43409118	67.42466335	107.4361837	156.3249671	157.8957645	120.7140765	90.78615007	56.59508754	97.02698224	96.31249457	5.737844572	130.4954474	88.33193278	80.48038334	169.5839604	85.96648572	200.3473039	80.15563226	143.7938121	91.73096782	195.6349883	104.7532518	87.57955565	128.3522839	68.25498478	112.4419498	56.57554529	106.0346386	116.6966925	136.5369887	63.38925413	130.0848987	58.82127057	179.8194723	119.5835411	191.1499852	119.9316177	260.5392612	67.65519776	81.68839534	164.5371723
CHEBI:18211	C6H13N3O3	NC(CCCNC(N)=O)C(O)=O	InChI=1S/C6H13N3O3/c7-4(5(10)11)2-1-3-9-6(8)12/h4H,1-3,7H2,(H,10,11)(H3,8,9,12)	Citrulline																		78.80019876	35.30277937	86.74032584	24.02916657	32.75535646	56.48305875	3.144867816	3.300701484	32.52359899	81.26216164	76.35800691	50.91565323	78.03186702	107.5289691	148.1379916	36.24777539	72.71270168	25.48642793	2.943812631	1.435880472	35.41835528	41.27600443	2.063029985	198.5273464	25.19071567	51.31767623	25.47616678	0.767236296	37.2316985	25.22254915	24.24385083	23.52248102	33.63484414	35.53176286	16.53248832	12.01239027	2.810908452	15.98321026	46.44514548	33.09801631	1.223647468	11.2049189	45.00097571	22.74056428	16.30003766	1.658103525	19.56466368	27.63181828	19.56466368	14.52406677	35.04376897	25.71630349	39.43904039	24.1369853	24.57814686	38.69953776	40.62742792	48.8801324	25.69173336	54.98104359	36.90855723	36.32090124	48.82297732	32.39702491	49.74559832	39.9090938	23.78670913	54.42464901	28.3397382	44.98612853	46.90110049	42.93562725	25.03327967	130.8282064	23.18156681	32.98445959	23.18156681	32.98445959	28.56425088	17.18823223	20.09054027	11.65828584	13.86577658	42.01301978	30.5806955	47.17591965	21.56495542	14.65489119	12.45752809	12.86591069	42.38192096	18.31889954	23.00066631	6.41355379	17.84122396	16.03209242	7.886065476	8.997027156	11.73357476	19.57749294	21.68207789	20.40504797	17.75257981	157.6963983	39.98572655	42.18751404	38.33951997	40.148348	42.07737647	27.39856066	11.06363717	7.019793941	8.508972754	17.13556793	39.04446635	21.00090436	9.984469494	18.81330514	6.548132569	22.83477147	34.95812026	16.87634813	41.90745819	32.24340379	35.06790067	42.3113646	36.16306068	10.4486948	26.18913388	26.38195874	14.1901421	14.4802021	12.85368031	21.88277668	9.670860961	56.42838306	16.44624182	34.57251784	18.48433316	18.70125965	18.0137345	23.31946254	20.47544253	26.31249873	12.02836159	3.716450029	13.02227995	29.48577674	14.45908117	44.29617818	24.30468208	21.31381556	11.07952021	14.6477695	37.56525893	10.36744065	30.96585898	16.64964551	14.70380068	15.97404279	11.36589942	24.22148678	72.38388005	49.86718955	39.43658134	37.54600873	16.9666518	27.35977294	22.76959515	1.675052197	36.6396824	38.86646257	20.39624644	32.36645609	16.13401091	28.34695869	20.40997063	29.26959123	21.97502817	35.72864539	27.37822116	16.21089525	13.89368774	17.35526142	19.36232038	14.05088288	28.34117422	25.57190426	26.26197546	16.4050003	17.45157537	19.18298654	22.44659219	24.77388349	18.24251991	26.23207042	19.73388619	25.12826624	34.87919021	35.53546591
CHEBI:16449	C3H7NO2	CC(N)C(O)=O	InChI=1S/C3H7NO2/c1-2(4)3(5)6/h2H,4H2,1H3,(H,5,6)	Alanine																		926.9188271	832.6931685	859.3321779	728.7279668	972.1347278	692.1497128	1643.280716	458.3013916	355.3986325	810.5448891	852.0837448	985.4759512	471.8371083	723.664461	1105.434252	636.4287984	294.6915874	794.9057657	321.1284059	421.9516028	570.2762569	702.42045	527.0544296	675.347449	257.5025577	476.8961243	834.5445894	186.9062637	919.4717607	445.9836668	185.7790212	356.7883282	604.8349783	629.572188	351.5133901	278.3429381	342.1844416	369.4773298	553.9070636	493.1496397	208.4496172	173.1654235	410.5664444	229.4329464	598.4332116	440.2752348	455.5750953	410.8634785	455.5750953	348.2776483	709.6292926	413.6319233	683.0224162	532.3345726	721.8143578	753.0402078	557.5946452	551.7505827	576.072288	441.5042276	660.3069145	641.753248	399.4042907	432.757142	903.9536123	544.476768	600.6685296	415.6013698	402.5524285	433.2365238	698.7809816	457.0498543	393.3430921	2067.577922	621.8268131	816.7905487	621.8268131	816.7905487	571.8600211	493.281713	175.0266739	420.6132115	445.1637285	505.2277415	120.7385912	634.2177361	366.4396199	386.0808376	247.0507477	342.5084735	649.5007119	236.3214757	406.0007134	200.2786716	129.9035894	239.0712662	448.6660907	171.2642075	418.7684086	472.9544863	390.8534334	394.2840466	192.7605642	1445.808443	304.8172082	421.7399547	298.3810887	393.5448449	775.4790807	318.6867151	309.2594562	121.0768417	338.7282077	338.5984016	368.7163173	358.7306529	393.4628391	122.190322	117.6840805	284.1492637	478.914346	249.5796249	649.0408646	416.3535641	334.5675287	655.6368047	485.8007147	192.2144537	275.1786276	308.072795	220.4428025	302.66082	366.9426135	387.4771692	657.0534792	430.5099027	435.8670639	399.6979031	396.8829856	251.8834824	502.042404	380.0371476	652.2583906	349.586756	323.4655829	91.45768445	321.4377065	344.6932651	456.7583133	411.4909942	457.6819676	385.0625398	198.0507598	408.0012467	275.3063933	223.3778299	284.038123	337.4656641	370.3501101	427.662179	307.2072733	141.9400129	611.0874467	496.3429585	229.0596585	427.2971512	245.8193699	225.2059728	314.9160054	19.02352673	342.797191	464.4607967	249.0634167	640.5106067	380.0660149	394.2971633	211.8045002	423.4693113	329.318018	556.0839078	511.7116547	337.9909504	592.1723239	432.6739421	373.3479536	173.3625227	471.603224	348.2247793	422.8701122	237.4815386	310.840164	313.7713322	513.6256993	511.0019275	733.8511367	422.1353716	458.3960849	393.2199819	259.502444	348.2098772
CHEBI:26271	C5H9NO2	OC(=O)C1CCCN1	InChI=1S/C5H9NO2/c7-5(8)4-2-1-3-6-4/h4,6H,1-3H2,(H,7,8)	Proline																		896.0490577	248.8364893	690.503323	330.7021035	540.2781048	871.2530892	503.2124725	177.0986299	380.6985153	458.8388036	631.7423563	270.941281	419.8444701	751.9923043	1249.095532	398.8649378	257.209696	306.769916	203.7245166	270.7359652	195.6360226	324.8893788	185.6922742	620.0828114	155.7940151	1896.760061	316.5486984	75.63247518	375.5922527	366.5898314	126.3904233	174.942233	550.6887385	268.8433219	349.9495111	152.3752537	181.0107793	79.24532821	199.4112184	269.7171796	63.2082458	102.0699436	296.0334055	147.1174265	195.3384134	503.2658285	349.8580849	211.4888421	349.8580849	236.1444149	334.6887826	210.8379314	308.4719165	313.9658416	263.1017146	249.2134899	276.535105	247.2772193	352.7705989	160.1440228	303.2343976	253.9244485	158.3775275	260.8377679	557.4457591	449.7531706	470.6895489	134.9822615	322.6953753	296.4449116	576.2667882	174.4422652	174.2762219	1134.280531	298.8804328	352.4525071	298.8804328	352.4525071	330.1961951	250.7635359	111.3873184	206.7451587	259.7135988	394.9894155	85.42772337	249.5865504	126.4064275	197.1583873	142.0918658	267.6425446	348.5322701	142.2785974	272.8586134	158.7754544	139.7671973	189.8255193	269.4596951	122.5463632	187.7280809	172.3353523	240.8824517	190.4973303	116.431366	785.0173394	299.9991544	204.1100096	154.9319348	228.644433	170.6683059	497.1692488	143.2831934	118.5809247	71.56593643	128.9185188	347.75793	217.9389292	134.5681592	82.61569289	66.7199004	143.0240274	223.3228534	118.7882286	337.3054029	186.9880956	143.1397884	276.5200296	222.7207643	104.4313687	177.0593192	162.2302341	128.5545021	112.2963407	99.60346505	130.6415027	408.5777917	264.2655847	222.2044134	241.2994278	146.6378606	120.9545627	166.8881652	199.2546282	237.2101193	146.1472119	97.75110178	33.69353198	98.00982579	210.8478464	137.926687	154.9693154	133.6707087	123.5528308	90.13716364	95.0566519	158.1200743	115.8167924	113.1747098	93.70176746	133.8628339	124.3104211	115.3985526	103.1154985	253.4631028	235.5722769	311.29411	322.9243312	82.36106994	257.9217892	108.7345439	10.00490957	547.2587153	285.7738224	157.2245423	325.3738697	132.8250532	252.4192058	144.6017826	321.1746357	150.7356644	250.2127852	199.828273	117.8206294	161.5517744	108.3276883	188.6162399	88.38420045	154.3905714	150.4222374	133.7325514	92.20495459	141.1109441	96.21553385	166.0005761	229.5267024	301.9203707	292.3468404	230.9619785	226.6977291	192.5396268	175.2443823
CHEBI:37024	C6H11NO4	NC(CCCC(O)=O)C(O)=O	InChI=1S/C6H11NO4/c7-4(6(10)11)2-1-3-5(8)9/h4H,1-3,7H2,(H,8,9)(H,10,11)	2-Aminoadipic Acid																		0.891697859	5.195952236	3.665902796	2.260947437	1.477135539	1.759102577	4.255937773	1.186223476	0.90309762	8.417762076	2.489452658	0.74967392	2.182790936	2.13921812	1.555211148	1.954375029	0.181991592	1.048784824	0.424213548	0.916633803	0.950874066	1.261112154	3.186998838	0.947655728	0.248427613	3.476307865	0.86753819	0.375535994	1.290122297	1.250589817	0.573796594	0.953380099	0.924721954	0.643396527	1.21802404	1.720362147	0.562084525	0.870203197	1.075543336	4.43113796	0.690579249	0.71165257	1.451703177	0.813922453	3.969753917	0.913893624	1.508532092	1.816581756	1.508532092	0.41760897	0.690720512	0.722548617	0.862525638	0.766301211	1.340316207	1.146751753	1.341105493	0.639179042	1.241878833	0.662598455	0.871808455	0.8959984	1.339151378	0.589128753	1.417849904	1.419512934	1.474371153	0.712553912	1.400170538	0.861329353	3.624649908	0.633048106	0.703525856	2.395225459	0.51675315	1.436921561	0.51675315	1.436921561	1.240101226	0.787897683	0.218538828	0.838457002	1.342408141	1.595628051	0.45647787	1.56504244	0.31131842	2.406861983	0.476262726	0.625275667	0.57339684	0.719094688	1.089883814	0.360156064	2.104999702	0.43080426	1.074412195	0.340773359	0.895003536	0.523785206	1.184964769	0.445972134	0.54524893	1.596752416	0.561820034	0.819774462	0.422756931	1.271650439	1.488063784	2.040769301	0.66634368	1.810116054	0.75754552	1.160973179	2.008431506	0.82503954	2.318651982	0.360860967	0.678407765	1.13682588	1.876728946	1.004659584	2.800773881	1.122005639	0.497368215	0.519141142	0.962150306	0.558466099	0.575738259	0.623382621	0.713832514	2.656097853	0.537836279	0.83815908	0.603315565	0.34951114	1.192607538	1.089005939	0.894227663	0.645740774	0.360872837	1.144028836	2.106935683	0.277260253	0.25216794	0.163566772	0.687634865	0.980192488	0.42977574	0.832008617	0.344885721	0.583838661	0.550804702	0.984669036	0.138372844	4.108114343	0.579502905	0.763703	1.060389286	0.554948185	1.191879408	0.939500585	1.65788768	0.934012158	0.595700674	4.321978642	1.778984586	3.394408945	1.04235111	0.292746784	4.482458197	0.736632609	0.90254006	2.029694956	1.377487895	1.689110094	2.182867255	1.180681528	1.110986501	2.13290975	1.75509256	1.031102154	2.745218887	1.005713268	2.083568762	0.673501904	1.506371278	1.681640936	0.702947315	0.708059058	1.88055786	0.784625573	0.848908637	1.572309051	1.942673511	0.627052367	0.798892848	1.829144496	1.344935371	0.503138896
CHEBI:17376	C6H12N2O4S2	NC(CSSCC(N)C(O)=O)C(O)=O	InChI=1S/C6H12N2O4S2/c7-3(5(9)10)1-13-14-2-4(8)6(11)12/h3-4H,1-2,7-8H2,(H,9,10)(H,11,12)	Cystine																		29.5113385	46.52648594	58.4025499	85.3226647	45.94190491	5.602821109	130.972831	12.19150669	15.329855	54.09675488	49.48150973	26.74588409	9.661701008	33.53110784	152.6044523	61.59718982	58.78929098	17.77608137	5.489041909	27.25402801	46.3329546	19.28876883	36.68945375	30.25804054	9.203909299	8.224042418	12.06039446	16.24124922	65.8489025	7.22211454	6.661698176	25.9737704	151.2063806	21.94145977	5.493941823	11.26432992	3.884253912	17.76456915	64.6528888	15.99629023	14.04994718	1.173055062	5.304375731	7.380156498	34.89235847	79.72280901	33.08403237	14.90598482	33.08403237	12.93685919	16.37375265	13.47721931	23.59732455	16.81462211	9.106207922	15.46092045	19.47864588	15.18146756	15.64753961	8.143132234	14.44368128	57.08427021	6.619061362	9.728651167	12.18599874	8.077367031	22.19090389	29.33634105	29.73892519	26.81933297	16.39748529	13.66658388	31.78787319	169.6012766	54.19952904	24.20354588	54.19952904	24.20354588	10.98432449	2.724787844	34.63310239	12.84284299	34.30703886	20.32408043	18.74616014	17.09368621	3.968979785	14.26048977	28.07665458	25.64698966	10.30864381	37.3078214	36.9078431	3.534899923	21.28555052	24.17227195	10.06238515	23.00819197	14.88162307	34.38210459	40.13221861	6.179114132	54.8725314	25.53418789	55.5197919	48.24854927	7.637794776	15.03543308	80.30193658	61.04943192	34.21750279	19.3563209	43.11826358	9.743889933	55.05260169	42.95606064	15.20317012	1.597070731	3.006722672	16.24387042	46.94995172	25.67199298	24.92436656	2.550661611	25.21590749	21.15771383	41.23512985	18.82792296	24.31518302	18.67939735	38.57334285	15.82681024	8.021959956	14.84120901	22.4517752	24.19296599	12.95442098	18.5928957	29.30815679	21.16574311	16.43537927	22.69586955	24.39708791	21.24855661	8.34765445	6.615638003	34.9131838	25.06023147	40.01199392	54.81498263	22.88650323	14.87308215	26.85904678	25.58929101	25.82875395	36.03630145	50.92391871	25.88008327	34.755891	23.26330743	24.95117997	48.20699304	20.53960408	56.27994662	11.43977788	64.81397486	38.1007557	21.31894207	50.53705278	5.626846512	59.65133047	32.03216613	44.15059919	19.85243344	42.50869487	22.22209099	43.89285824	16.3415414	19.86384661	4.013075705	6.490089903	25.95674048	4.684057939	18.88379008	48.36490221	2.593401969	24.63440334	20.94058108	21.62951667	7.785802858	31.43614281	39.35214722	26.55364366	19.56749015	39.20881927	25.12364598	29.57937689	22.65286308	21.88947086	22.68272543
CHEBI:58148	C7H15N3O3	NC(=O)NCCCC[C@H]([NH3+])C([O-])=O	InChI=1S/C7H15N3O3/c8-5(6(11)12)3-1-2-4-10-7(9)13/h5H,1-4,8H2,(H,11,12)(H3,9,10,13)/t5-/m0/s1	Homocitrulline																		6.739623116	1.864343014	1.239194551	0.160556575	0.615247304	2.924803948	3.669839747	0.252595751	0.003133721	2.320577942	8.464276621	1.033279645	2.152439508	6.079434145	10.1670222	0	3.247570083	0	0	0.640609025	1.972169665	0.678887014	1.051356025	3.374543423	0.421107067	3.872316166	0	0.104425018	0.686892271	3.113299277	0	0.302992208	2.130993317	0	1.012186936	0	0	0.01433811	1.292229472	2.466115583	0.316149899	0	0.629277173	0	1.138333517	2.062808577	0	0.938299079	0	0.026823678	0.086179001	0	0.123258547	0.141097986	0	0.048032902	0.385545828	0.066970123	0.017853283	0	0.147232275	0.151424607	0.066193394	0	0.184002189	0.098620552	0.183394049	0.088203755	0	0	0.134136323	0.073377836	0.310270733	2.900596077	0.343253419	0.149275313	0.343253419	0.149275313	0.165069474	0.045622244	0.197963427	0	0.0907566	0.306124692	0.888679612	0.026120388	0	0.422438441	0	0	0.045259787	0.027225628	0.249678935	0	0.285008772	0.060857389	0.001627451	0.206719978	0.06524218	0.378201738	0	0.061690779	0.184770604	0.486089456	1.250663379	0.002940048	0.009549703	0.146091505	2.565682597	1.243441351	0.545773424	0.744658411	0.910299298	0.755169424	2.361302718	0.647718861	0.685200803	0.606230691	0.478882492	0.767491184	0.832187581	0.515562529	0.773082126	0.598612304	0.754547277	0.637449969	0.584374458	0	0	0	0	0	0.007898886	0	0.060761959	0.211950914	0.054244712	0.041021335	0.1703586	0	0	0.184489125	0	0.001344818	0	0	0	0.006932688	0	0.763781742	0	0.040525176	0	0	0	0	0.000761443	0	0	0.065840711	0	0.422790914	0.460471182	0.589622253	0.486576178	0.065297094	0	0.220745684	0.213839391	0	0.075685523	0.413230862	0.694373047	0.540691649	0.761091975	0.543538118	0.986567235	0.761713852	0.57809821	0.801079802	0.622180391	0.62238334	0.586786644	0.569318696	0.611049946	0.491233622	0.585869809	0.652838118	0.578894764	0.461272421	0.578872354	0.599081619	0.541460363	0.962329293	0.622120987	0.499861793	0.856360047	1.777162502	0.549288592	0.494253507
CHEBI:35619	C4H9NO2	CC[C@H](N)C(O)=O	InChI=1S/C4H9NO2/c1-2-3(5)4(6)7/h3H,2,5H2,1H3,(H,6,7)/t3-/m0/s1	2-Aminobutyric Acid																		22.45180851	59.15279361	35.19723186	35.53683385	102.9837344	17.6455879	40.81067135	22.94860508	22.51718927	16.99469246	20.35825092	17.69794694	9.971144374	17.57952005	51.63657676	13.27865781	7.066720808	15.70313875	14.90698168	33.00240101	27.48844635	50.31987058	32.12592679	18.79134246	24.38381674	22.3802563	8.687323963	14.4593313	9.9440911	5.557750728	10.55621783	20.0189065	15.80527975	45.99482429	59.15377234	17.66410638	10.53251925	4.19295894	16.81700355	19.30044429	7.511728968	26.0494456	13.50171776	13.76154504	20.4002898	11.06575202	27.90147511	19.85580259	27.90147511	18.03973082	15.59070483	15.24493224	20.11494738	55.75899524	29.30589616	21.16185408	29.70525346	11.19582508	25.51005668	23.38802691	26.9928123	24.90283042	20.12789556	12.46350931	20.80115172	17.25233495	31.5314469	14.26444036	16.70021094	16.2149293	20.28478723	18.05954781	13.54978647	52.87093769	11.76442872	21.08641485	11.76442872	21.08641485	18.75141719	17.42371926	15.46531446	22.01069021	29.8211699	17.81589686	12.84852926	18.33352322	21.08750585	23.6193709	42.3831952	11.77214205	42.17910285	14.37884755	12.288349	14.38059453	23.48390439	20.01112556	30.13826564	18.91545631	14.44670249	13.94570236	37.93276644	25.81674227	16.81204802	51.22173056	14.63131003	8.821245916	9.903138279	11.1322921	25.77842783	15.50961661	0	15.73742021	6.30946444	9.418308808	15.08712258	22.19294945	8.151853991	6.398162274	18.44444139	51.98798066	49.71108889	23.66872044	22.46690136	17.64577095	8.149069526	13.36924663	15.85949683	5.797554292	13.87891993	12.10089782	14.89551119	35.71252375	15.47651585	28.74198557	26.0295	11.3613715	26.15202961	20.90151938	20.89798452	16.15548802	15.93666502	13.18175294	30.95628456	17.6770005	18.16748323	7.136526885	14.8958557	24.61291628	20.30427873	28.97942059	14.38310803	25.65945661	28.9803698	39.08213202	17.44346585	39.44520241	23.92958138	16.64043293	38.00200851	19.43565596	28.65170879	15.19527201	2.563932828	34.44127379	5.618358892	14.00385551	16.02108577	12.13036083	20.59369066	2.095964536	36.1470039	12.21172666	21.04408104	23.04480291	7.361146608	4.760186436	34.51152551	10.3791425	19.74944192	14.06922792	14.34161115	21.85564308	53.25284953	22.52035042	27.88280376	28.18737345	18.40916398	12.98724614	19.2700667	7.439288919	59.70761305	13.98703574	18.96679451	17.8107687	36.93342472	13.64626624	15.08776851	24.79987462	17.87412943	8.179428611
CHEBI:16344	C3H7N3O2	C(CNC(=N)N)(O)=O	InChI=1S/C3H7N3O2/c4-3(5)6-1-2(7)8/h1H2,(H,7,8)(H4,4,5,6)	Guanidinoacetic Acid																		3.416628161	4.18235076	5.425026189	1.583670474	2.198192098	3.150932874	5.729244434	1.646028687	2.995055977	1.40994702	2.344129307	4.91687667	2.098963496	5.650804123	3.219971463	1.846632659	1.436730498	1.893089543	1.465051172	1.392970122	2.353602074	2.966046753	3.084506217	14.26745634	1.367679625	1.917380966	2.834539627	0.717356779	2.525682877	1.893248717	1.548800724	1.17675772	4.605747712	3.623485701	2.553669983	0	1.52312506	0.427508286	2.274129429	1.172123123	1.118294772	0	1.450637703	0	3.328980138	2.826273195	2.372404421	2.677789843	2.372404421	1.023945414	2.680044178	2.197897812	2.186812873	2.105784032	3.08038202	2.414832397	2.216013156	2.680801006	1.971149715	4.651359608	3.395489846	2.340083858	2.119003397	3.618068555	3.6853961	3.385060779	1.494193758	3.088551683	2.237776784	2.599267975	3.76438482	3.111440334	1.543226369	4.831586549	1.008767133	1.968902459	1.008767133	1.968902459	1.729399826	1.597070116	0	1.679147071	1.060884879	1.316360787	0	2.419709729	2.57651398	1.675123296	0	0	1.64147245	0	1.203347685	0	0	1.585137676	1.234411384	0	0	1.538658858	0	2.721773914	0	7.244056572	2.274033847	2.536944396	1.309536657	1.887281244	2.905293654	1.13514046	0.577618006	0.077794991	1.123651114	0.128195881	0.561922273	2.561371633	0	0.141427994	0.030629614	0.324466425	2.37431009	1.267809887	0.988371611	0.370833815	1.314225722	2.721772967	1.804909179	0.292236872	1.9022417	1.365310421	0	0	0	1.99958625	1.399023512	2.371564705	1.846471769	1.6562759	1.236333677	0.708970813	1.777043206	1.369257104	1.404264502	1.088571849	1.489164391	0	0	2.025057691	1.950218579	1.149106677	1.72632161	1.045841304	0	0	2.330773236	0	0.888548314	0	0.736515682	1.040629838	1.236607062	1.492158074	4.055701402	5.81973345	6.648287255	2.952259596	1.553804026	0.806763012	1.772022263	0.120980683	1.250775177	1.351809719	0.967136838	1.96968904	0.052708805	2.30603215	0.210414979	3.727106068	0.838618884	3.03963267	0.905934318	0.263633246	0.94957971	0.701702954	1.290751218	0.174850075	1.610826953	1.303153697	1.925221401	0.362103254	1.304996267	0	1.581481357	0.802811845	1.139736711	1.707896224	0.58574557	0	2.123194388	2.434004749
CHEBI:27266	C5H11NO2	CC(C)C(N)C(O)=O	InChI=1S/C5H11NO2/c1-3(2)4(6)5(7)8/h3-4H,6H2,1-2H3,(H,7,8)	Valine																		614.5334204	1616.176058	1034.314709	654.1522663	708.0877167	539.8706619	878.7126347	582.3706899	576.3290354	762.7043765	956.6118954	439.6580584	542.8458473	657.1113506	609.8547818	726.888391	352.1381688	357.4254246	292.6522297	450.4108276	736.3452087	676.9760177	661.4537859	303.2436109	419.9461469	470.7774883	356.0235335	447.8309064	432.5956184	474.4422911	422.5509291	363.5563897	255.1329402	463.3941457	459.7021227	294.9511916	248.5143803	288.2074154	344.0288341	390.6109431	313.9560754	166.2912603	401.2267565	284.9052399	546.3002028	244.3103927	391.8809033	316.3823024	391.8809033	300.5437718	349.7661872	233.48084	449.5564681	511.4647032	503.7482483	439.8104322	447.0490258	360.2113202	413.9771096	332.6182533	400.6731959	377.0223693	332.2676199	321.181247	672.5587809	410.757937	531.3635325	262.4599295	398.5609414	271.3000355	579.9236532	283.0581676	373.853108	1183.85701	224.8949232	393.562395	224.8949232	393.562395	425.9311176	272.5681033	145.4072927	329.0203667	396.3274715	402.3463125	239.8878611	376.3228252	256.8052311	345.6954396	333.046877	276.9688486	270.6194602	240.4522752	331.9477477	212.6325894	391.5241195	255.544635	321.7534654	136.2820935	262.2289114	322.8628801	400.5701176	232.9730111	215.9320363	1332.476241	236.584168	229.8810504	211.0679574	353.84829	315.8824993	287.5394686	156.7149973	152.5949085	106.07742	178.7791728	305.5037506	221.9586063	166.1559736	118.2324896	229.0566848	223.7916475	262.4155024	201.2755557	262.0889455	272.0352798	122.0739033	175.852153	221.5713824	128.5972734	200.0155884	232.5207368	304.9177574	237.5120466	217.3155297	305.472353	318.0740595	192.2341504	274.738051	325.3512982	304.2789939	224.6554985	216.3359545	323.7381156	344.478262	183.3183258	174.3919315	50.92870193	246.9938016	275.3058489	283.5763639	273.2154331	199.0186734	261.7152945	239.0382223	314.4144763	204.7374742	462.2388385	251.9029325	246.5065633	386.0415171	243.3427099	266.349749	161.4790147	260.6357793	146.1437378	122.8134839	372.0584621	192.4140408	301.8189255	187.2272969	20.19290856	365.3835826	239.3242895	229.5922417	345.4615247	163.093896	176.8887535	247.4832394	228.3569887	196.4475784	335.9062622	286.2382015	210.1345967	344.6381653	198.6633678	233.3616757	228.596463	261.0750441	318.8752881	175.0847074	146.1022287	330.2275969	215.1600884	210.0908743	241.209637	345.1806745	238.6501473	184.8459763	241.2209498	226.8778818	155.9799208
CHEBI:16811	C5H11NO2S	CSCCC(N)C(O)=O	InChI=1S/C5H11NO2S/c1-9-3-2-4(6)5(7)8/h4H,2-3,6H2,1H3,(H,7,8)	Methionine																		113.8211847	86.08026943	124.9611702	137.249832	145.2188153	80.46380735	164.8617215	89.56970725	59.80164716	122.0028893	109.4333967	80.49302103	61.17107861	101.6967728	103.5712261	91.92137498	39.15850694	87.97986129	59.06268729	49.24917983	99.98506877	79.92703931	61.83402643	130.3481747	55.06744019	63.10332134	75.77835313	20.5993641	102.4321376	105.5220983	20.58458771	31.33570674	93.75616976	88.86024258	40.9129307	35.96206906	54.23572085	19.26531209	53.82431453	58.95633753	15.42499786	28.86797198	39.60609217	21.46871536	81.79379465	71.15257123	79.13246741	66.10143294	79.13246741	23.77473496	29.01954945	18.9593801	56.35059344	58.70932447	49.75049145	38.44486343	33.67263289	34.17542039	32.39130253	32.95878952	38.5440608	30.5214931	33.48493519	26.44960893	94.8889349	35.77862998	43.89032352	22.04259427	23.80527066	28.77345824	65.20238181	24.04284015	22.00988661	136.4917385	16.65717633	34.11988202	16.65717633	34.11988202	40.05219753	27.30929322	11.92307201	38.20996032	41.86859897	29.38020269	7.541136022	14.32600255	16.55725869	29.57345999	12.62801752	11.70098058	25.2440102	13.47475902	18.40395627	13.88942602	12.55660499	17.49179467	15.15083064	19.60038255	18.60800261	23.95786766	21.60683599	20.19466897	11.34041193	52.2930945	22.97517413	14.04172414	12.36304055	23.26380309	31.59543402	21.77907736	18.50543545	13.96371592	7.432250779	31.49677029	35.92547707	42.87561223	17.47282592	15.69701026	11.25415053	24.04094372	34.80939814	28.95161381	29.84534901	18.32636415	17.58877079	31.74750341	21.32799217	14.31205319	22.41978295	21.51051949	22.26890148	11.0445027	11.96759991	12.60339885	15.77311143	14.84409531	20.44050081	16.13452725	6.364373039	9.228498577	12.31484412	19.62261632	21.51385529	5.778552881	16.53603297	2.111599899	6.634094154	18.01373948	23.17846151	17.88068228	10.96536033	16.30088511	11.2615277	16.20340276	25.39327868	26.57708849	15.07775572	14.62141692	25.31681921	20.12318655	17.09142316	15.14966732	15.00636179	57.62281562	51.52606444	30.39153417	17.88539363	31.08619582	28.88718314	2.501781333	40.96050855	38.36040027	24.59425088	40.77147208	25.65366277	27.58546626	22.70377669	30.09579277	22.47092742	56.76439257	25.78300402	29.59432868	43.59406324	16.47715442	24.59725914	17.79900727	16.98565106	26.0363336	26.36234799	13.5169313	44.49901519	11.71117717	26.53748367	27.71656135	48.53286461	25.14162362	21.16144294	11.50113841	13.48272481	24.48941009
CHEBI:18186	C9H11NO3	NC(Cc1ccc(O)cc1)C(O)=O	InChI=1S/C9H11NO3/c10-8(9(12)13)5-6-1-3-7(11)4-2-6/h1-4,8,11H,5,10H2,(H,12,13)	Tyrosine																		248.0256986	262.5513179	235.6935517	155.7376789	242.1023583	227.4790008	302.9643429	155.0612376	86.97126213	279.1285271	293.5116513	132.0557065	132.5692114	202.3180866	175.1287662	186.8617344	70.23817163	132.1895963	114.2302076	124.916221	174.0113729	121.8379911	162.6761741	293.1941918	66.53259537	129.9002046	149.5466078	77.31157288	165.2205453	117.0017147	94.64780126	88.29720089	172.9874976	140.5321388	120.556943	70.3620652	125.5471436	95.68701769	143.8272964	131.3783651	82.25600567	42.62102753	133.5623917	52.40391447	179.81495	161.5709397	165.1771674	117.3323177	165.1771674	56.99108074	72.10459152	39.91972173	127.1589503	112.8603426	99.03164405	86.00963516	116.3606359	100.2074938	91.61077424	76.88017414	93.18422352	85.28717804	73.09587648	65.35059945	162.0401449	88.39287385	153.4336002	63.16993713	132.0619621	70.58987337	149.0031332	64.46246918	73.17111948	327.1594393	65.2787771	92.32776402	65.2787771	92.32776402	151.2935739	67.45665087	28.04385475	123.6470922	131.1527501	96.53104067	30.87459697	108.1329288	56.71967032	53.77953844	38.0806052	73.86662303	68.40212268	52.16031817	89.90040464	39.65116808	35.75517301	34.69477197	95.65805373	29.73925881	57.95332191	43.83618424	81.78687287	51.51976051	57.70750937	253.2428302	45.05024006	44.67322828	38.68770612	82.32919798	67.09582603	51.40600126	47.32622472	20.68204381	29.94278355	47.64823284	78.89311898	56.51649658	27.14328877	38.9354512	55.96546832	45.82914385	61.95677206	51.41950147	52.93245366	62.25700834	44.19077534	40.12150785	57.08069477	34.47498889	67.76036689	54.72119535	91.12964894	71.90988138	71.80157121	56.06148581	67.13721789	56.86214057	64.23234288	108.6051528	59.24573506	38.91229827	50.55028339	71.70437614	92.99190872	41.4025751	47.94721814	9.298802338	58.39443241	54.84878944	59.37796159	53.52320376	60.85697927	61.79605809	40.30203781	56.99907738	99.94669795	79.97659316	38.24718813	52.11857124	66.55251152	56.26784492	56.8674701	59.77041524	146.2714011	233.8466862	102.0078405	140.9274732	86.93230676	155.364753	101.5126165	1.093395114	124.6695088	117.3335682	55.38041433	86.63072735	57.37771179	77.49215416	40.7998519	82.76065563	57.52193236	134.4084971	70.88128322	62.00376386	95.26507008	62.72964779	56.72621706	45.19277873	56.57581362	53.47816644	52.65302902	36.91265294	78.24343243	41.71873982	76.35135707	65.50606337	102.4080902	76.47723618	41.686209	42.27133644	53.22379883	51.09675148
CHEBI:16000	C2H7NO	NCCO	InChI=1S/C2H7NO/c3-1-2-4/h4H,1-3H2	Ethanolamine																		50.66922268	31.58401062	39.57448043	29.48876685	32.60464499	35.57934196	72.637487	47.82236617	15.55782222	29.0401814	22.66131123	47.90595952	19.1376945	40.79579493	23.72200637	23.87127891	18.99174509	80.29777645	30.49338672	19.76134387	27.86166857	48.73765784	18.11069102	59.88110028	12.17326758	32.8468965	25.83645734	6.917550169	37.90554384	41.17949315	6.546011764	5.775220149	50.73638417	25.3074052	16.60527756	19.64770653	26.33222863	7.80942102	20.15489588	42.18364679	6.27046601	12.30401779	18.36786039	17.60253673	21.83869085	47.50926962	21.2927718	20.64014246	21.2927718	6.459553924	8.063784708	5.1948748	10.78826215	8.185109501	13.29928265	14.5919002	10.2180117	11.43872566	12.79596277	13.64826085	11.31105981	11.7019032	11.20840121	6.690629922	11.34478523	11.00098794	12.45727135	9.113700733	6.269061052	7.638146583	9.046706557	7.164827421	6.64865008	20.90474955	8.011346781	6.75005974	8.011346781	6.75005974	6.13121708	7.737307647	4.379156755	8.986842933	5.571342907	7.416851702	3.566752417	7.870582719	9.015120041	9.110508216	4.846561427	2.893156159	7.621056075	17.56472922	6.118361035	5.697942366	9.442860476	7.427110751	7.461053008	6.625120957	7.815884887	6.220646447	6.157289972	6.207348505	7.146118511	27.41907112	8.549657907	10.38227277	6.290228188	13.92880889	10.34173894	3.455891798	2.434092442	3.092474828	4.727736683	18.93659941	14.2085791	22.19561998	9.91741392	11.95522665	5.576789097	16.49726264	9.950007389	13.24647144	20.76051028	10.70074225	10.05699435	19.18114807	15.02944257	20.77655242	9.710992484	12.57140563	6.330443662	7.466244568	9.199674743	10.51047669	10.09059013	9.238169003	8.956726465	9.314799035	9.071988983	5.863377605	13.60759578	9.941640262	11.27767226	11.22499284	8.82996749	2.835049085	10.39305621	7.629752783	9.801264025	7.840016037	9.933982231	9.316688308	7.602433373	8.821777292	16.17305711	8.342374583	7.083455239	7.882109705	9.91477624	9.204001282	7.45475854	15.57537611	3.997228861	8.907966104	16.37961908	4.015476308	2.251764681	1.41676247	1.697885975	0	5.159708049	21.2065208	17.69696857	22.12050456	21.3474767	12.07597945	9.113257468	14.68743402	14.95460932	33.08293251	18.83708475	26.89403038	29.06403238	6.490915285	17.82550054	12.44004578	12.286027	10.9897508	14.05430982	11.13068023	16.90682674	4.918109212	8.604210411	7.337069105	9.310246136	13.03468558	8.155992363	5.125234988	5.780578478	12.52593193
CHEBI:16865	C4H9NO2	NCCCC(O)=O	InChI=1S/C4H9NO2/c5-3-1-2-4(6)7/h1-3,5H2,(H,6,7)	4-Aminobutyric Acid																		0.928410707	0.245469655	0.780630059	0.413560006	0.387341346	0.599780576	1.173913084	0.821431676	0.159388351	0.501332295	0.528577076	0.781834816	0.201409859	1.189681263	0.701574806	0.407139047	0.367927171	0.398070647	0.441177697	0.327305736	0.17036976	0.657428906	0.58886266	2.270847027	0.378373184	0.435750424	1.180802794	0.098373755	0.578128843	0.621393227	0.261083728	0.14978068	0.487961855	0.298660375	0.064147744	0.111317415	0.472184839	0.229254741	1.154188904	1.182367437	0.425590813	0.18877238	0.567139626	0.312707043	0.325496945	0.699033521	0.508499864	0.47097249	0.508499864	0.450176578	0.557744411	0.522663193	0.494731544	0.597806063	0.620360587	0.482820912	0.382640724	0.589925313	0.588156888	0.531703849	0.564410453	0.4681522	0.572260724	0.436483291	0.518272644	0.476946121	0.547541092	0.474905812	0.601994038	0.622463732	0.645739801	0.510417204	0.416692289	0.988931981	0.450317071	0.527916156	0.450317071	0.527916156	0.468742122	0.625321607	0.512469492	0.464428822	0.528763673	0.584873118	0.511187712	0.519470869	0.585096014	0.517083388	0.493778638	0.517645734	0.589338121	0.437846432	0.473362562	0.622807	0.45441293	0.4654244	0.351879367	0.418117745	0.530872743	0.546094885	0.736993805	0.608845635	0.4967208	0.872761945	0.672651645	0.545461924	0.545773286	0.62397082	0.220211001	0.131911878	0.016550521	0.168418872	0.132391064	0.132902172	0.427101992	0.234935552	0.107159235	0.218765378	0.187534091	0.473032271	0.240856725	0.153881364	0.401004743	0.346178143	0.155675336	0.326028319	0.255588236	0.20258564	0	0.145092883	0.383860336	0.515302981	0.648942993	0.786416794	0.478572022	0.664181616	0.599160031	0.704960588	0.635462674	0.536955774	0.544031312	0.385651553	0.810162512	0.512947996	0.479819313	0.342197843	0.413638517	0.417972934	0.51481072	0.543367614	0.504809366	0.667000872	0.31969352	0.635061107	0.460998074	0.448892176	0.42338215	0.394668228	0.400432891	0.614793938	0.403432771	0.287591639	0.629191718	0.624668704	1.422585183	0.525108226	0.314579974	0.327517025	0.607887591	0.189236384	0.651984392	0.638129474	0.098447125	0.269589311	0.297485564	0.135871831	0.199981892	0.12495744	0.280771931	1.185925918	0.257065664	0.258369391	0.544706698	0	0.104226437	0.074821643	0.235470933	0.231811877	0.039750017	0.111715999	0.19095621	0.199044724	0.197578226	0.160568312	0.098796246	0.335465015	0.183928804	0.063068414	0.124929843	0.04993697
CHEBI:27389	C4H9NO2	CC(CN)C(O)=O	InChI=1S/C4H9NO2/c1-3(2-5)4(6)7/h3H,2,5H2,1H3,(H,6,7)	3-Aminoisobutyric Acid																		10.12157506	13.83199893	8.96282807	5.196740403	9.611974764	6.859913398	4.2080095	4.62167221	3.613105951	94.08587828	8.194541912	6.530771911	11.96821538	4.623255984	18.24376773	3.489820152	62.93551135	4.551889765	4.087046869	5.89222699	14.21713039	6.135077935	6.197255406	5.562886318	10.75501453	12.29962644	4.020620686	3.967711629	11.98127664	5.811511102	3.21684425	5.217138309	4.102893856	7.945437783	41.99665162	2.557519463	2.8939108	1.58089843	17.46830523	12.20848649	2.52511435	1.495847921	3.254983503	3.134366421	6.821148554	5.73982709	3.387412222	4.419152435	3.387412222	1.973710063	1.316053002	3.353210386	3.235526481	3.29119705	2.656375138	1.288299307	4.176401842	2.820907775	3.032711129	5.334475308	2.741936717	5.301662349	3.599136315	1.80787997	5.868155406	2.562438283	5.192277177	4.455426902	3.831817442	2.118000978	3.202422392	2.538262916	2.086274806	28.34851335	10.43734914	2.594356568	10.43734914	2.594356568	3.577445905	2.372335138	10.30164536	1.243014818	2.508200813	1.779641717	6.092703769	5.726330272	4.155311733	2.637229615	2.557044237	2.010841919	4.98878346	8.227718701	2.651631354	0.998422458	11.30833765	6.278072224	2.43182437	3.211315464	5.950908036	3.13042797	7.254042176	2.780395793	12.03562793	11.38924037	58.76063182	1.879675267	2.386163759	2.046425754	3.478673091	6.57776221	0.783932417	3.77894504	1.211572755	3.259734124	4.2438502	1.021805582	5.388367683	3.323738646	1.087970919	3.185027426	2.605293991	1.954156508	15.43223375	5.005335261	2.931817329	3.173951544	3.447432776	2.64567249	3.400312792	0.827200659	3.820630843	2.459841246	3.898322484	3.79596974	2.066116638	9.283250837	3.256576997	2.463179853	4.1703033	4.277898355	1.279041085	4.614341987	3.466180106	5.538910371	1.533268567	1.341981417	1.490867708	2.540711861	1.756551361	19.46865102	2.158719944	3.428376254	3.511935533	2.493744016	1.949868376	2.675448834	4.863402784	4.695850959	4.977127465	2.521637102	2.840412906	6.366646233	2.578646269	0.820779649	2.202044192	2.653727963	0.585283862	8.694398394	3.074960594	0.167967821	3.516885984	2.727631517	2.764794092	1.590402511	2.156708762	1.699318971	3.569027943	3.017434065	3.322666189	3.013687008	1.956945743	2.538968945	2.103372388	1.641525037	2.461440513	2.808726684	1.319074082	2.299299217	1.262846788	1.631344442	2.444885651	1.792891204	2.372807723	2.171689794	1.885555372	3.373567973	3.694504935	1.405024845	2.552520351	1.340913173
CHEBI:22359	C6H13NO2			Alloisoleucine																		2.130766092	6.281575544	1.965949015	2.251720747	5.643828018	1.559492099	4.549287239	3.33088149	2.472193855	1.115667202	1.849199731	2.641302207	1.035297801	1.036294578	2.230565291	1.693037624	2.458204952	2.041102954	1.801919671	2.070375244	2.085063422	5.007237847	2.06461464	2.256680121	2.714246651	2.6358749	2.739820782	1.335314112	2.31276313	2.703191775	2.450330028	3.042422614	2.398129598	3.93708684	3.462943407	2.394155325	1.539628759	0.817370429	1.591796521	1.619337871	0.955639	1.997585297	2.025653263	1.13264261	2.390684762	2.127616237	2.2704294	1.777322379	2.2704294	1.829083511	2.461176132	2.403050153	2.182173729	1.776004442	3.335013284	2.400538692	4.461423125	3.138858516	1.80503703	2.068747973	1.913080498	2.820510737	1.483524319	1.583291147	2.856499326	2.191749615	1.511078837	2.021578076	1.214310612	1.325111801	3.584446092	1.443183091	1.188166016	6.762738581	2.461411669	1.237079897	2.461411669	1.237079897	1.166291197	3.02693924	2.427473392	1.442491058	0.841310982	1.264877166	1.230046016	2.634175933	2.813822858	2.41197329	3.209395616	1.026443017	1.707218174	2.351155821	2.430734908	0.831941654	1.677528347	2.376162892	1.791375248	1.085679071	2.236162114	0.751531722	1.877231218	1.936867423	1.45272345	6.881560945	0.638575337	1.596682988	1.20242675	1.123906384	1.349162335	1.044261185	1.182332101	0.582138772	0.558284598	0.541392952	0.554048775	1.611929965	0.202273322	0.242121822	1.385702498	1.658617	1.826866754	1.597837284	1.224239125	1.185997698	0.507452332	1.296353489	1.074917125	0.867933991	1.138667023	2.060800067	1.935212522	1.365771083	1.117216646	1.550142347	3.69227368	1.35336193	1.777640727	1.306565079	1.680881028	1.315016517	2.050520265	1.563850433	2.472828702	1.452385606	1.286582919	0.867513488	1.713705787	1.342464497	2.099743421	2.420371229	1.539336595	1.519880077	2.365780577	2.932784963	3.230507301	3.377837195	2.280497978	1.386059645	3.312135905	2.595670449	2.451631876	1.110182771	1.239187815	1.048208487	0.832611944	2.036714382	1.25784697	0.877275388	0.852489167	0.419564465	3.490123385	2.383794326	1.796471612	1.710445694	1.674967977	0.645434837	1.701064129	0.99961488	1.271655779	1.557666328	1.835796996	1.213811536	1.817231668	1.789046468	1.487727385	1.050598796	1.63263546	0.845234177	0.822948294	0.442793419	2.101299794	1.916766331	1.401736955	1.245708998	3.114346512	2.563447875	0.711130463	1.686496916	1.565516464	1.02845299
CHEBI:24898	C6H13NO2			Isoleucine																		265.7132447	315.2986424	223.6394248	201.0386862	249.1280803	210.0870537	256.3601366	182.5844305	202.6431421	248.0326114	266.8083558	108.6720983	115.0418862	213.0933341	187.5979089	194.3278472	104.1979908	99.90318442	141.0824868	109.2844605	287.5807857	265.9476116	236.5866017	177.1544579	144.5441869	175.3182374	183.3403925	116.9517336	143.4683023	217.5681035	95.75058752	89.77587268	124.3003956	187.859772	104.6581668	85.45146237	127.5905064	51.51173535	91.13911034	119.2145884	71.2324437	73.81049193	108.9520677	71.43499545	126.1734658	101.5800071	169.5950889	131.4747408	169.5950889	70.97171328	99.63951735	61.82836482	133.8702724	165.9755495	145.1669708	98.5398629	113.2881797	93.79639908	102.6394575	83.58102196	117.0156231	74.08892125	76.10830999	97.04630588	234.4222344	100.9499578	140.1082121	66.42643585	103.3038703	69.13617204	195.299681	58.45491341	74.0834577	372.5450921	55.1382447	101.4520604	55.1382447	101.4520604	140.0956679	75.90333661	39.873305	73.75997139	81.88244066	91.80194425	32.68370544	100.4819603	51.18192043	96.24394187	56.96577788	57.00395424	69.52780357	50.0838884	101.9201307	26.617261	85.28988672	57.84339063	70.96519645	40.02073346	39.23844412	44.08185614	124.1983471	53.82813893	40.5995122	227.7660267	49.00210967	43.27355082	43.41730197	94.47902681	70.93114173	68.06068649	49.31401583	48.58758153	11.10751286	45.02763495	67.67688339	79.47504423	53.21198376	27.82680316	24.71870022	67.34097615	77.0857199	71.53777532	89.85395336	66.11840947	36.23361311	56.89144482	51.29214488	38.05064484	54.73324414	61.57396469	80.22585573	50.54039059	64.17111403	70.14952363	85.21837603	50.47278141	79.83922878	74.57412502	67.10125804	55.51197056	48.12395345	98.38094343	71.98131449	45.38742069	43.63002012	12.01367321	46.49794377	75.6786534	69.69853149	70.30962928	27.57218701	64.12822078	56.94527249	80.69062689	61.73061636	134.6368113	64.77768755	55.62044105	86.89766661	49.44874872	63.53241042	37.61904152	101.4445875	66.42423912	38.61241583	146.2227061	56.26142033	85.62519337	54.11312433	6.5431707	126.0773626	101.9835814	58.97426141	98.72763571	40.08412388	51.99273655	79.3790896	72.18105299	48.94678562	125.5915137	83.84223676	72.15115492	115.1691352	49.31952484	60.13296934	54.29340818	64.52178142	88.96646137	41.6771197	35.0832267	102.626493	53.65165232	44.97985404	62.17710707	108.0779522	83.63363837	57.37287898	38.96077676	56.07957272	43.59587982
CHEBI:25017	C6H13NO2	CC(C)CC(N)C(O)=O	InChI=1S/C6H13NO2/c1-4(2)3-5(7)6(8)9/h4-5H,3,7H2,1-2H3,(H,8,9)	Leucine																		445.4437101	966.9083652	533.4651532	326.7017915	432.8141533	354.7615865	593.720822	412.4243639	345.9197661	523.7770976	558.1799058	337.2431108	305.9386091	438.8891335	286.4917352	421.0078164	219.25875	222.7785621	249.8915865	273.2741662	520.7354019	550.3880257	461.5725472	265.3583095	286.5594526	311.1874394	303.5837172	292.2495957	353.6835146	388.5485875	262.6482549	246.2460792	232.0950459	376.4588662	259.601407	194.2208982	224.0300421	146.3678885	232.5184018	286.7035481	186.1083524	129.8982959	286.2874391	149.1202353	306.0382548	181.6240977	284.924612	242.4167337	284.924612	129.5426405	202.5654973	118.2502319	219.8725921	291.1738578	256.5627429	216.4005259	223.3325259	171.108696	197.7295271	151.2295115	237.7994981	160.73345	171.1294249	168.9330004	427.8010404	210.957113	248.7353764	123.5589468	185.6745689	125.7824983	361.1134794	106.612629	171.427096	643.0080315	106.4478499	191.629381	106.4478499	191.629381	253.4610079	134.5145254	63.43847345	155.8589878	183.4169121	178.280281	121.7504384	202.0466802	133.3943785	205.0135129	134.362697	120.2052949	117.0748797	100.9093486	180.7184592	75.96390529	184.6109351	125.3598137	141.3588481	85.16025765	108.5377178	113.1708718	208.9757755	100.5324667	104.6694591	484.8719051	121.7668762	115.6673212	88.41499089	170.2061295	144.6629983	162.0424864	100.3271868	84.27664497	44.19465234	116.9842682	157.8805516	154.2951993	98.58230559	71.26405133	121.3453945	130.6851004	163.0821062	143.2266286	160.1912652	130.3727833	66.6384139	112.4516415	114.0528405	99.30203808	110.9390095	130.7314059	193.4641747	117.5427771	129.0985099	139.712056	172.2193793	100.7192872	148.296887	143.3398623	140.7889632	101.5436305	107.4247698	185.8781081	175.2494717	93.5467315	96.95680394	26.78506333	126.2410906	138.8276526	151.0238026	149.6958956	87.43308467	135.4298779	142.0825527	182.8540029	128.4371003	282.2147099	137.2138814	128.0967983	238.6702856	139.452768	158.008759	87.6997345	148.7211486	83.14637949	62.51138697	222.5815856	113.0644694	171.8218213	100.3732259	11.6749072	234.938776	176.7167307	157.8091342	218.9046197	116.4231003	97.18288099	169.4816493	154.1544912	114.4074165	256.4855381	158.6592873	159.8420547	241.0350174	108.6779235	152.5045781	141.7440793	139.858838	165.9149877	106.0593052	79.83748378	211.4049348	126.4379744	119.058831	153.1475618	233.6716868	133.2877641	109.0712935	124.6883601	129.9426422	84.0242491
CHEBI:28044	C9H11NO2	NC(Cc1ccccc1)C(O)=O	InChI=1S/C9H11NO2/c10-8(9(11)12)6-7-4-2-1-3-5-7/h1-5,8H,6,10H2,(H,11,12)	Phenylalanine																		309.4435631	287.7153495	349.3246356	362.6876858	368.4534081	226.5704087	518.4363975	256.1040884	109.9460445	311.0691895	360.2133739	232.2861437	292.0746802	313.9109603	246.1052413	295.269035	200.0404664	227.9787816	140.260696	196.0094714	275.4296497	203.9609882	280.1518144	286.2845954	194.964323	171.5826941	167.8300736	228.0118847	247.075402	199.1826669	147.1608264	192.4572097	172.080281	166.9767941	173.5586722	114.1353085	107.0487242	94.7494742	144.5629931	195.2866017	125.137254	46.33647287	142.4851268	70.17774072	182.2585109	128.6664699	126.2987977	146.8530471	126.2987977	54.68335948	73.2661867	47.27354252	120.1222383	98.33410978	91.65590037	87.54129483	87.11928223	74.29122293	97.14137766	78.06755936	90.42305153	87.94813713	59.05261492	88.98030891	123.9584754	84.43582688	106.3773803	65.1755903	93.28817676	65.21441876	91.89626761	74.77315972	72.49124227	277.6054224	60.75968659	75.34525285	60.75968659	75.34525285	107.7641652	66.53038757	37.75355933	87.3291417	88.9708904	81.44124333	57.09759586	85.08373277	63.81502252	73.14976387	37.42264552	76.68123594	74.82873985	60.87243032	63.35387553	55.61816008	57.19694833	46.39520234	71.58001712	58.10249459	113.5017471	61.06326175	60.07391824	47.39230821	50.40433437	231.4813918	97.09837773	57.7729578	42.65029846	70.67102971	70.8621843	72.79936023	40.18087201	28.47498613	35.91861927	67.38087722	86.61178178	76.26639821	93.33119921	70.32824828	41.31711921	64.06944792	73.02851246	64.19392685	58.76015959	54.57076083	41.13499217	57.74852426	56.95107035	64.76742924	53.4801487	58.2292192	120.8516002	154.9671228	84.33168885	60.67357835	61.09244561	59.17412361	65.76182834	101.2476819	73.13269145	60.73810448	50.27457792	68.47809159	109.691714	72.68502404	54.87028912	15.8069997	90.59213304	60.88968787	75.62148432	115.6056354	59.8382912	86.44693936	58.4098921	85.33020195	76.10067172	93.92219945	82.99946074	111.7809143	100.4044005	79.11162065	70.11383303	60.97709536	140.4734257	88.22727043	72.22322944	76.74063272	85.02619456	70.16555549	81.76604351	6.868955208	87.73479149	86.60467844	79.92521883	82.18796561	82.87101699	56.50204913	82.53317386	72.2147368	61.24424132	88.71098065	66.2531799	89.11981722	79.36388253	85.57080107	87.29919949	66.99037168	67.73162478	72.92014212	49.9189377	52.73650697	90.40148642	67.7629011	49.69566327	73.79291504	89.65773653	66.60612455	60.55316952	63.21531624	60.97824944	46.54270167
CHEBI:27897	C11H12N2O2	NC(Cc1c[nH]c2ccccc12)C(O)=O	InChI=1S/C11H12N2O2/c12-9(11(14)15)5-7-6-13-10-4-2-1-3-8(7)10/h1-4,6,9,13H,5,12H2,(H,14,15)	Tryptophan																		99.46359419	151.0987585	93.2895044	70.07496106	79.91989178	88.33144815	171.3543274	75.19816465	77.29495353	84.18012347	91.72018256	58.30237874	59.89876699	77.30165558	22.9095202	94.29185437	37.53860859	58.85343702	41.21558593	41.92553732	67.02475477	60.23046951	72.32872094	65.4740604	24.3309815	33.34612647	84.36665837	33.2055293	51.20951582	103.2526282	37.36341653	54.22139591	34.93628631	70.74916255	70.54325928	32.83977456	36.48086715	48.15043564	34.68477898	41.95596304	13.9303229	29.66765993	70.35122954	37.98691138	68.96822641	27.56718783	53.08207859	37.00194683	53.08207859	34.90758411	51.03485687	37.70815339	72.00638889	73.40427302	61.5377391	71.23078555	79.52398281	66.45656973	68.39504613	51.09264531	75.77324844	58.24625482	73.82836991	65.55645535	100.2418823	57.83786895	86.70561708	47.92015193	74.21357899	55.07286173	95.41167326	54.00190564	31.66480629	162.9528583	42.07036513	49.7878771	42.07036513	49.7878771	72.80716728	37.17413608	16.99852713	64.74216203	71.67320532	46.58331704	23.13877706	41.28987309	49.48809079	36.4724099	31.17727533	51.87261093	49.71438485	18.22049954	49.75534244	33.51037849	28.38965486	27.07183968	44.95657644	11.4370321	31.63319695	25.6699422	43.57982046	40.1261761	22.95207421	163.2839484	24.89785127	32.34269029	28.94087885	21.18933109	39.46274487	27.20005085	33.64857422	28.98267979	28.1689393	36.80934076	29.75348964	33.82876539	21.27971199	31.44507687	33.155721	38.91072994	35.96601672	35.71462866	40.06605891	38.58834371	29.88601313	38.14422701	42.64859011	22.36031288	58.31670261	37.59991514	18.70152845	47.44610462	20.79066932	51.93345009	34.40723606	30.16522524	44.6101526	48.42706729	31.1004834	16.73159929	39.54243476	38.68704986	53.43708801	26.87785878	26.35519014	7.09978645	22.39086504	33.4257032	29.80121798	21.37234347	39.12640157	37.38854787	18.76995839	39.40379953	60.14747907	21.56948029	24.58827623	38.48070745	27.49468427	30.023327	44.61148871	24.32069582	30.87199276	51.16663089	9.923421525	86.20068034	47.83326889	50.53105915	28.47499596	3.556317027	28.85742918	34.17492434	32.60300171	61.78281108	29.46931456	42.46142298	25.30370317	59.04890562	43.4401766	82.2946586	46.55303314	39.85897868	48.40886441	38.07489654	40.99483966	27.03581059	41.00629038	46.05247647	36.55588792	10.55475777	54.67661189	17.43059083	38.60694594	36.05281603	67.7020349	19.53451357	17.21565695	26.94915511	35.09653278	25.61018933
CHEBI:18257	C5H12N2O2	NCCCC(N)C(O)=O	InChI=1S/C5H12N2O2/c6-3-1-2-4(7)5(8)9/h4H,1-3,6-7H2,(H,8,9)	Ornithine																		232.1814301	122.9928013	206.5277529	319.0255991	358.2722015	215.2315441	300.5037359	256.1728485	149.2300789	286.6372398	207.4272323	110.7335142	116.2634175	271.6985447	155.5536587	360.3584166	115.1340296	236.482606	422.603682	147.493982	215.8504221	144.5677657	195.2556288	447.7324525	167.4609507	244.6349518	376.4961828	95.00806489	173.0968905	244.9769662	99.79153096	112.5596509	118.0645106	180.5004352	144.091891	60.54007218	215.9081842	86.37271758	177.7094226	199.0718663	52.57904602	33.02088392	75.88562616	81.1920543	77.21159583	123.0844116	94.19400666	73.17297223	94.19400666	107.4193196	176.32311	95.97691989	184.6591683	180.0438345	144.8696966	146.9703827	194.5120614	209.5670029	130.3738288	143.6322587	191.0019371	167.1087179	141.9518733	95.38919298	235.5663679	194.8868704	139.2797032	108.2430012	119.1653969	133.4381548	127.6546804	117.3765289	87.2608178	429.1923905	48.68936102	101.3393736	48.68936102	101.3393736	132.0887785	72.7678691	35.90321015	59.93451722	135.7694153	130.478521	53.38761357	156.2301889	66.03685761	66.02540051	57.3323613	86.08178694	86.31398203	87.42261487	112.8327748	57.65467803	80.24094003	59.38513278	48.99800467	70.65570706	75.47844888	65.21218821	140.6428926	55.67180752	50.77960463	304.3223439	85.34833353	99.68453224	51.56353778	97.91260262	74.73428645	101.3655464	53.89663553	31.56169531	22.44890032	47.00531126	119.3839512	63.29271668	40.84983692	39.2374327	41.88470733	58.25486261	76.01940298	69.4040049	108.6872261	71.22891193	53.53484807	70.39806081	55.96619712	72.26877208	41.88037104	53.36614169	114.7540354	102.4607767	100.2734623	153.9802226	141.0871074	175.3224322	156.2328281	172.5425708	121.651274	116.9272731	114.9517438	115.8816852	180.2385451	107.1684782	96.68510082	22.39969415	108.5756569	186.0746972	136.964755	110.0573859	147.333894	150.7293125	71.78131406	165.2515324	130.8934588	194.9281874	113.0028802	114.9485395	141.1972112	97.48762922	106.1198607	79.70312443	105.246034	138.1555776	85.50804042	91.04094526	58.88197396	95.58615234	60.16166282	6.813405807	170.6919265	93.89976731	47.28697257	141.1716118	57.31752713	142.1984877	66.00442906	179.4828008	95.3302423	160.8875682	95.45849414	106.3434471	63.32428226	105.8241776	65.85996173	36.68677271	80.51609445	141.8900446	67.56215646	44.78790829	92.51335231	96.66488644	119.3070254	134.0082686	150.2838314	100.7872262	90.1874436	62.95454716	143.6307365	74.36257266
CHEBI:70958	C7H11N3O2	Cn1cnc(CC(N)C(O)=O)c1	InChI=1S/C7H11N3O2/c1-10-3-5(9-4-10)2-6(8)7(11)12/h3-4,6H,2,8H2,1H3,(H,11,12)	1-Methylhistidine																		7.836114485	4.674881254	3.727757683	1.790194113	5.334984247	1.973783242	33.11081796	1.619417932	21.7758972	5.669048719	5.307624288	50.71203439	2.382036001	4.097788997	5.932989603	1.118793462	26.90816852	1.055079612	3.141347074	0.912177685	2.308731249	3.056083464	10.46518772	19.583308	1.604973285	3.654545281	6.976081783	1.138591903	25.98468532	5.808769784	3.429312473	4.418310144	1.702472254	6.289909978	5.919248382	0.482762482	2.048729939	29.15422485	4.997225296	2.630039486	0.993380489	0.281708554	9.391337602	0.538313175	2.256603996	2.485196253	0.444393256	4.108928308	0.444393256	15.48599855	12.50716391	1.475228135	19.29504177	6.20483176	61.06496671	4.526735188	6.739059699	4.764072052	4.566288335	6.599570201	3.759600619	23.61063348	8.378067328	0.441789958	11.06713001	2.778513213	10.58914243	5.175462633	0.865928799	5.002911291	1.151912252	0.565219285	0.741429846	126.7422003	9.393075336	3.172821802	9.393075336	3.172821802	21.65478699	14.9439613	1.521755986	0.443279067	0.645088596	3.4455695	44.88941107	5.400856124	8.243052746	1.861142362	0.558390153	0.464291179	13.15150418	0.900774302	8.070806972	0.300062117	4.700779598	1.531322258	5.004946865	8.242029437	13.31033948	0.438775251	3.420405206	2.303378091	12.24909392	23.52770113	50.78714721	6.744096555	0.314774479	10.00817009	1.939993178	7.274976426	3.003199465	0.410534409	4.082719276	0.451397742	4.227278346	13.30843922	0.712140257	0.368778201	0.262467433	3.955330204	22.64680858	0.402964919	33.95863311	0.412969486	1.350302088	27.06933138	14.31987584	0.516210052	4.432464745	0.572348646	1.072520634	2.52261181	4.209769639	33.74841842	2.370353768	6.216219299	12.09859533	1.705779493	18.00166728	20.35538317	0.595524202	10.87127985	0.925818588	1.960365241	0.408201922	0.283055441	0.625522955	17.36341638	0.77202604	24.8430996	0.934512103	3.762921183	2.148859189	4.826216364	2.028659105	0.515363784	5.439900004	0.636391221	0.685158514	1.348072743	1.496893387	0.683253734	0	3.117540029	7.64358363	36.4287055	1.702376458	0	5.225860798	0	0.722393214	0.710637092	0.695523513	9.262993609	0.634723892	1.696863342	2.074140004	2.563360227	0.590856367	37.15819527	15.0259264	0.685309742	1.345349135	0.643507242	3.142027066	1.055300784	5.58008359	25.58110436	3.400194938	5.529119458	0.610870188	1.719857486	9.760627953	1.57795347	4.306559783	0.407718731	2.674852731	3.567450055	1.77748402	7.314511949
CHEBI:70959	C7H11N3O2	Cn1cncc1CC(N)C(O)=O	InChI=1S/C7H11N3O2/c1-10-4-9-3-5(10)2-6(8)7(11)12/h3-4,6H,2,8H2,1H3,(H,11,12)	3-Methylhistidine																		80.6538396	59.57496429	38.68873257	19.58681726	41.75519635	23.27846614	85.40713807	16.90561933	13.48831853	84.42940157	46.64546305	38.18417363	32.10654055	65.08234825	39.01096002	14.93990971	68.62826022	7.667478764	4.500916613	15.37956835	33.53978322	21.65656111	23.85815721	35.296093	21.64912144	29.755741	7.819884234	12.61850809	33.01022518	48.49135194	5.44121509	13.48604651	20.32154508	15.08422237	27.36746685	2.12085506	4.213231294	5.155035093	27.07371109	41.11500932	21.39367812	1.859009653	14.83840287	2.105633967	34.12672254	19.21003138	6.361253062	27.73881242	6.361253062	4.458825933	7.160105997	3.271889353	7.941170998	9.053084829	5.911373053	7.482878661	8.537948582	8.93637396	4.82104837	5.427311322	6.884496357	11.94521293	4.103943152	2.736825296	5.953119063	5.512084689	8.729918938	6.09904491	2.90297313	4.913208885	4.857495242	3.15641046	5.075780347	62.15963191	9.738314167	7.974519616	9.738314167	7.974519616	4.500197473	3.976479914	7.687200999	2.429976378	2.265802443	6.190167474	22.39067047	4.154299196	5.098566182	12.60769971	2.98483387	2.475008134	9.686348131	3.645872131	7.600629445	1.818438912	4.854189301	7.023477898	2.460127813	9.307772114	4.221275934	3.967238271	4.004545317	5.03455105	7.411939077	13.65858039	38.19114484	6.331122557	2.771321022	8.677923711	3.392026823	5.6772754	2.154074532	1.414417851	2.596752768	2.492120831	7.759556343	3.774657685	3.119804841	1.559224754	1.254930034	3.927000829	5.27649608	2.367929634	7.47907779	2.472802742	2.65994781	3.601913595	4.61384201	1.626555267	3.529332736	2.440388364	6.874055992	3.012805387	2.397375025	3.948442951	5.80360278	10.14653055	4.559986694	5.384081277	6.121379971	4.49473651	2.991103847	6.451589141	4.166603175	3.85774509	1.734989848	0.900697787	2.908824813	5.681736309	1.544462412	21.88878964	2.770019123	4.331588017	2.060659837	3.582159	2.401543545	3.109499207	5.047080728	2.230986973	3.954136321	4.071718638	2.927124391	2.98348782	4.029570703	6.268749575	3.525016475	6.535396676	2.278595698	2.191395452	2.51029975	1.117138936	3.557034389	3.655991302	3.083980738	3.313385467	2.548655853	2.311675367	7.033251957	2.701629917	2.219624436	3.991468684	2.94776571	2.225641805	2.125508933	2.266659519	3.062528512	1.874370315	3.494133363	4.342205829	2.498275714	2.719899486	3.216314986	3.465567816	3.051444373	3.096893678	3.644589495	2.139660036	3.004623965	7.088758984	2.538288839	3.230736746
CHEBI:27570	C6H9N3O2	NC(Cc1c[nH]cn1)C(O)=O	InChI=1S/C6H9N3O2/c7-5(6(10)11)1-4-2-8-3-9-4/h2-3,5H,1,7H2,(H,8,9)(H,10,11)	Histidine																		142.6129449	201.4859163	225.9720848	193.7795172	188.5025416	129.3623639	283.7763431	198.8988147	115.6526829	227.5086853	159.7559703	171.9034391	146.2944114	209.2797377	178.6247122	175.0302456	103.2830094	139.3715593	114.8374435	106.699627	136.9571248	151.7117682	120.9587837	155.7416666	136.3439453	96.84012923	133.4268839	86.85314954	172.894057	167.8847775	85.16059096	65.56764879	155.2630705	128.7741682	111.325712	74.81443947	104.4336452	55.14344539	126.1627012	109.5377388	75.73332093	41.1982937	114.3409911	57.14861989	145.7513166	117.6865947	105.1417799	122.3709936	105.1417799	67.29604654	87.68147736	58.83683818	109.6954776	132.9387645	131.9055448	98.39990935	84.63027139	101.3736071	94.38261551	84.62649847	109.9436517	94.47017417	90.3303219	104.2551976	140.7878028	119.7217602	111.6846729	94.8348287	78.77685292	84.16631029	109.6265458	110.9482741	83.41251675	414.1517005	59.96387878	93.71173629	59.96387878	93.71173629	86.03502704	60.39193629	45.00322903	65.07999807	62.44359769	82.33497274	48.92850871	70.34026241	87.46516127	77.47001972	43.82154206	61.18678002	65.42713441	45.7665448	59.26273699	63.59963478	56.18404182	70.57987458	57.02646925	41.36470313	61.93269735	73.73494956	71.46163754	67.52546471	42.24091733	270.399178	73.21991598	66.14378346	50.46855422	71.17820403	74.14017142	72.3382101	54.38119566	42.20815719	45.31151533	90.0365188	56.39167633	70.69746834	47.52316893	45.77827877	56.01175385	64.0065666	65.45493831	67.32783673	85.32579252	66.18457566	42.92188545	67.80598815	72.79791014	40.8103499	74.74723687	67.64796889	84.22231252	69.11831549	48.54487912	81.20429632	67.02919875	68.84433121	76.31523249	70.48140835	63.07159528	50.74187599	67.85123759	61.60143335	88.10806455	60.5988668	61.10454557	15.65747629	56.32923813	54.95800955	63.27556572	65.48718473	63.72382062	72.69468584	44.10874531	70.69845808	73.23287862	52.84729579	44.79002303	62.27625626	57.66301961	62.45201953	50.28784863	48.01948569	77.82243569	71.64691655	125.0806436	58.73659176	46.35139215	48.5156091	51.68188043	3.216988638	66.71721879	97.27214359	53.25397431	86.57115283	53.43149512	86.82126647	56.49912387	80.62833541	87.25100441	106.5581802	68.77895578	65.64461965	73.19743349	62.93797983	76.41945198	44.8367439	69.85557819	78.88277961	76.46641459	51.98299809	68.04879824	54.93818465	72.8239235	63.36634381	73.10471085	69.1061939	72.57909242	51.66364121	63.39085299	73.43217511
CHEBI:25094	C6H14N2O2	NCCCCC(N)C(O)=O	InChI=1S/C6H14N2O2/c7-4-2-1-3-5(8)6(9)10/h5H,1-4,7-8H2,(H,9,10)	Lysine																		672.3573509	625.3360696	791.7793145	714.5305556	538.9249731	454.1367848	848.4446572	557.5507391	501.4290217	1047.602594	845.5275748	397.1774064	412.8784786	714.9133846	633.9582211	820.135585	394.3253876	353.6265525	279.5417482	230.1989481	588.6135979	514.0319784	490.6785905	890.8867809	459.8494444	437.2822953	591.8453186	259.8290427	621.9616382	621.0827021	280.6720178	363.2337562	526.2962855	502.7677266	311.5259073	189.3492816	319.3504491	183.9252181	525.1201005	449.1581554	219.9161909	141.4575435	236.2310369	115.9447111	560.5566014	458.4770414	657.4099923	324.5303593	657.4099923	205.3811822	259.7817287	169.1937382	295.2206392	387.3272867	368.665774	337.1021043	265.3026894	191.7992296	230.955536	225.1449278	269.6566944	269.8817648	267.5461168	158.7833462	483.42001	280.2061576	370.696389	194.7633458	237.9342726	210.8345633	356.8644326	214.544566	198.0431501	762.0944382	171.4900718	269.1949564	171.4900718	269.1949564	251.2157345	150.8164948	103.1684587	209.9755594	253.7816681	233.9298706	75.69503965	203.8092736	166.942327	259.9182268	193.2427445	136.1043424	206.1116183	94.32444587	192.5250655	201.1116057	123.0149298	203.8681295	179.8493955	118.5924809	128.4354358	203.3591967	273.8604359	164.4955226	129.9794086	762.6883147	206.4493675	128.1811701	111.9656229	205.7472225	245.9111793	196.3072653	160.1860427	107.3708365	48.06188362	179.8321615	159.9216299	213.2717609	154.491273	102.8118995	140.9171	184.9396215	264.3348943	241.1080864	224.9272611	156.2237462	137.4919318	116.4462443	179.4948509	79.34581151	145.3298064	167.2496995	283.4965513	138.1458923	115.4792192	193.2838039	235.5605977	136.4011468	210.1407414	173.6496053	144.5053089	121.6693427	171.4709703	190.1917914	254.4792522	98.54658081	153.2699103	31.93638764	125.9227895	172.7969668	232.3557813	120.2705441	147.9694324	169.6836471	114.7341093	201.8252246	129.6385708	956.9807855	157.0209841	126.1558577	183.0723465	148.3680936	150.4934038	125.4998793	150.2786636	222.5928553	127.8917153	205.8803588	105.8758219	214.7037903	175.6742914	11.02502771	201.915302	192.6219253	134.6671287	263.2707227	149.9278926	357.1102716	151.2800204	198.2239736	162.1042415	296.3478221	206.3590563	160.3312865	275.9850726	136.0197345	136.2441551	117.3713916	175.0301461	193.089247	168.7708666	105.5622574	267.7658797	151.3867742	223.5475786	192.863797	318.6284732	160.1981222	204.9668247	142.5740856	157.2255616	246.619483
CHEBI:29016	C6H14N4O2	NC(CCCNC(N)=N)C(O)=O	InChI=1S/C6H14N4O2/c7-4(5(11)12)2-1-3-10-6(8)9/h4H,1-3,7H2,(H,11,12)(H4,8,9,10)	Arginine																		541.82296	279.3181821	405.2449389	331.6749822	276.5836541	179.2219456	584.6258047	207.9561928	237.0635984	808.3093328	829.470013	118.8426441	278.8447928	671.9020626	324.3837303	467.9680702	285.6169364	2.085921737	228.7229972	91.37064071	259.8791631	168.3923712	172.1845145	352.3076904	264.4151447	187.8122648	438.7229478	143.2852937	501.9182901	569.6973868	249.8737308	294.0091816	386.8321758	166.9091995	107.082754	48.21784545	125.5633864	70.86076368	301.052019	177.8699124	64.46583461	65.67891885	96.08853344	49.67667638	367.1458459	184.9887211	483.297773	115.6136681	483.297773	28.39021902	42.71413573	54.47837324	118.6413018	66.48509588	91.18192124	53.98433525	44.06624738	36.49453471	34.23243437	90.3150767	82.60267806	46.18043379	66.31245935	118.3367066	96.70351079	70.64959739	48.11752666	71.44895618	73.38109788	87.24411008	105.9126411	81.59356145	70.03308221	342.0054253	79.24813794	91.59448516	79.24813794	91.59448516	115.8615758	49.21490191	42.7488443	67.09012921	98.09255668	80.1889988	21.02933903	90.66637435	38.28696164	40.48846613	52.05321292	44.0171844	101.3450047	48.1114689	69.30897928	44.00680943	33.18534376	55.24905776	34.38995511	45.23377734	30.59827921	63.52113715	87.93203855	74.53053194	41.63919594	274.693078	80.56813511	77.85845592	30.44636181	94.5911831	143.5648077	89.6326357	81.1351073	46.90125903	27.32136917	56.6529424	46.76672696	127.2864177	43.37958469	31.88647675	27.53970533	57.93069575	95.02886459	87.06121698	73.46353575	51.70381463	69.92923416	75.05294456	79.38277219	18.79760095	84.61982662	94.43241717	165.4438269	5.989660299	12.3570822	7.874828045	6.861849594	20.14173437	7.337755577	10.84481938	4.069444086	8.453186264	5.979476348	21.17558829	7.523606577	7.222060307	16.63708446	3.124152578	8.816245721	17.86971505	11.52838902	15.08315392	15.61545936	27.77910202	17.52965392	4.576933529	56.60219362	39.76406337	20.1785344	17.39186065	11.51207327	17.15589	13.87311792	32.05564603	120.0535276	126.9608247	81.51291933	93.95977254	70.55149771	98.65901425	71.33614951	4.288023712	62.86486751	87.32614326	46.45299739	82.61700398	56.93532165	174.0282968	43.08316628	90.78869882	52.84738765	79.18027509	114.2678066	60.26554385	87.82368238	13.45052692	59.61935788	34.19235392	83.64849946	12.50706418	64.27667684	42.21943245	97.02941631	35.92747439	33.42340469	33.63971782	30.87418508	29.37093584	44.5939658	21.2935835	62.62983527	109.7408277
